GUN.AZ — ФИНАЛЬНАЯ ТАБЛИЦА ПАРСИНГА | 158 продуктов | 2-3 бренда на ключевые | Средняя цена,,,,,,,,,,,,,,,,,,,,,,,,,,
"Публикуем СРЕДНЮЮ цену по брендам. Бренды — внутренняя кухня. Пользователь видит: «Süd 2.5%, 1L — 2.59₼» без бренда.",,,,,,,,,,,,,,,,,,,,,,,,,,
№,Кат.,Продукт (RU),Məhsul (AZ),Вид,Ед.,П,Бренд 1 (Wolt),Бренд 1 (Wolt) url,Бренд 1 (Bravo),Бренд 1 (Bravo) url,Бренд 1 (Neptun),Бренд 1 (Neptun) url,Бренд 2 (Wolt),Бренд 2 (Wolt) url,Бренд 2 (Bravo),Бренд 2 (Bravo) url,Бренд 2 (Neptun),Бренд 2 (Neptun) url,Бренд 3 (Wolt),Бренд 3 (Wolt) url,Бренд 3 (Bravo),Бренд 3 (Bravo) url,Бренд 3 (Neptun),Бренд 3 (Neptun) url,Источник,Правило замены
1,🥛 Молочные,Молоко,Süd,2.5% пастер.,1 л,🔴,Milla Süd 2.5% 1l,https://wolt.com/ru/aze/baku/venue/wolt-market-landmark/milla-sud-2-5-1l-itemid-63976d638d6c90e366944bd2?search=milla%20,Milla Süd 2.5% 1l,https://wolt.com/ru/aze/baku/venue/bravo-supermarket-bulbul-ave/milla-sud-2-5-1l-itemid-20629858952ab961630b3bc4?search=milla,Milla Süd 2.5% 1l,https://wolt.com/ru/aze/baku/venue/neptun-supermarket-28/milla-sud-2-5-1-l-itemid-6c5a4119294630a350d22688?search=milla,Azərsüd Süd 2.4 % 1lt,Azərsüd Süd 2.4 % 1lt | Wolt Market Landmark | Wolt,Azərsüd Süd 2.4% 1l,Azərsüd Süd 2.4% 1l | Bravo Supermarket Bulbul ave. | Wolt,Azər Süd 1lt Süd 2.4% Paket,Azər Süd 1lt Süd 2.4% Paket | Neptun Supermarket 28 May | Wolt,Atena Süd 2.4% 1lt,https://wolt.com/ru/aze/baku/venue/wolt-market-landmark/atena-sud-2-4-1lt-itemid-67d18228f5a00f0fb1b13547,"Atena Uht Süd 2.4%
",https://wolt.com/ru/aze/baku/venue/bravo-supermarket-city-park-mall/atena-uht-sud-2-4-itemid-9df1e497b82351aa8aa97375?search=sud,Atena Süd 2.4% 1 l,https://wolt.com/ru/aze/baku/venue/neptun-supermarket-ag-sheher/atena-sud-2-4-1-l-itemid-4885430808eaab8fce27ac2a?search=atena%20sud,Wolt Market,Если 2.5% нет → 3.2%. Пересчёт не нужен (тот же объём)
2,🥛 Молочные,Кефир,Kefir,2.5%,0.75 л,🔴,Milla Kefir 2.5% 0.75L,не представлен,Milla Kefir 2.5% 0.75L,https://wolt.com/ru/aze/baku/venue/bravo-tahir-97/milla-kefir-750ml-itemid-892a6eb6157e13d5c1028414?search=milla%20kefir,Milla Kefir 2.5% 0.75L,не представлен,Atena Kefir 2% 1L,Atena Kefir 2% 1lt | Wolt Market Landmark | Wolt,Atena Kefir 2% 1L,Atena Kefir 2.0% Yağlı 1l | Bravo Supermarket Bulbul ave. | Wolt,Atena Kefir 2% 1L,не представлен,—,,,,,,Wolt Market,Если 2.5% нет → ближайший % того же бренда
3,🥛 Молочные,Qatıq,Qatıq,Натуральный,500 г,🔴,Atena Qatıq 500q,https://wolt.com/ru/aze/baku/venue/wolt-market-landmark/atena-qatiq-1-5-500q-itemid-67d18228f5a00f0fb1b13569?search=atena%20,Atena Qatıq 500q,https://wolt.com/ru/aze/baku/venue/bravo-superstore-28-mall/homogenize-qatiq-atena-1-5-500qr-itemid-4acfdcb4840124fcf182c03d?search=qatiq,Atena Qatıq 500q,не представлен,Milla Qatıq 500q,Milla Qatıq 1.5% 450q | Wolt Market Landmark | Wolt,Milla Qatıq 500q,Milla Qatıq 1.5% 500qr | Bravo Supermarket Bulbul ave. | Wolt,Milla Qatıq 500q,Milla Qatıq 1.5% 500 qr | Neptun Supermarket 28 May | Wolt,—,,,,,,Wolt Market,"Без добавок. Если 500г нет → 900г, делить цену"
4,🥛 Молочные,Айран,Ayran,Классический,1 л,🟡,Atena Ayran 1l,https://wolt.com/ru/aze/baku/venue/wolt-market-landmark/atena-ayran-1-4-1l-itemid-62750f995c2ff361236ff0c1?search=atena,Atena Ayran 1l,https://wolt.com/ru/aze/baku/venue/bravo-superstore-28-mall/atena-ayran-1-4-1l-itemid-c91f6a1544e4c505da587f1f?search=atena,Atena Ayran 1l,https://wolt.com/ru/aze/baku/venue/neptun-supermarket-narimanovv/atena-ayran-1-l-itemid-53722fa0987465aae121ea6e?search=ayran,Milla Ayran 1 L,Milla Ayran 1l | Wolt Market Landmark | Wolt,Milla Ayran 1 L,Milla Ayran 1l | Bravo Supermarket Bulbul ave. | Wolt,Milla Ayran 1 L,Milla Ayran 1 l | Neptun Supermarket 28 May | Wolt,—,,,,,,Wolt Market,Пересчёт на 500мл: цена × (500/290)
5,🥛 Молочные,Сметана,Xama,15-25%,175 г,🟡,Milla Xama 20% 175q,https://wolt.com/ru/aze/baku/venue/wolt-market-landmark/milla-xama-20-175q-itemid-63976d638d6c90e366944bca?search=xama,Milla Xama 20% 175q,https://wolt.com/ru/aze/baku/venue/bravo-superstore-28-mall/milla-xama-20-175qr-itemid-b97e85a8791ec391a72bf57c?search=milla+xama,Milla Xama 20% 175q,https://wolt.com/ru/aze/baku/venue/market11/milla-xama-20-175-qr-itemid-4ae60ee81f6785497442a23f?search=milla+xama,Dr.Milk Xama Kaunasskaya 20% 200q,https://wolt.com/ru/aze/baku/venue/wolt-market-nasimi/dr-milk-xama-kaunasskaya-20-200q-itemid-679747c0c59beb1eed193ea8?search=xama,Dr.Milk Xama Kaunasskaya 20% 200q,https://wolt.com/ru/aze/baku/venue/bravo-supermarket-globus-centre/dr-milk-xama-kaunasskaya-20-200qr-itemid-118c563933ff8c194c2f2718?search=xama,Dr.Milk Xama Kaunasskaya 20% 200q,https://wolt.com/ru/aze/baku/venue/market11/dr-milk-xama-20-kaunasskaya-200-qr-itemid-5b966f9db165b41bd0496e98?search=xama,—,,,,,,Wolt Market,На Wolt есть 25%. Фиксируем как есть
6,🥛 Молочные,Творог,Kəsmk,5%,180 г,🟡,Azərsüd Kəsmik 0.5% 180q,https://wolt.com/ru/aze/baku/venue/wolt-market-nasimi/azersud-kesmik-0-5-180q-itemid-72d3b2982b36dfa332f1dedc?search=%D1%82%D0%B2%D0%BE%D1%80%D0%BE%D0%B3,Azərsüd Kəsmik 0.5% 180q,https://wolt.com/ru/aze/baku/venue/bravo-supermarket-globus-centre/azersud-kesmik-0-5-180qr-itemid-77fc8f2f343c6b0520de1487?search=k%C9%99smik,Azərsüd Kəsmik 0.5% 180q,https://wolt.com/ru/aze/baku/venue/neptun-supermarket-narimanovv/azersud-kesmik-pehriz-0-5-180-qr-itemid-a97eddd0d910fc6ea65a7d5e?search=k%C9%99smik,Dr.Milk Kəsmik Dietik 0.3% 180q,https://wolt.com/ru/aze/baku/venue/wolt-market-nasimi/dr-milk-kesmik-dietik-0-3-180q-itemid-679747c0c59beb1eed193f36?search=k%C9%99smik,Dr.Milk Kəsmik Dietik 0.3% 180q,https://wolt.com/ru/aze/baku/venue/bravo-supermarket-rifah-plaza/dr-milk-kesmik-dietik-0-3-180qr-itemid-d2e6af24972028304f7cb6d1?search=k%C9%99smik,Dr.Milk Kəsmik Dietik 0.3% 180q,https://wolt.com/ru/aze/baku/venue/neptun-supermarket-ag-sheher/dr-milk-kesmik-0-dietik-180-qr-itemid-13a7192967fbcc7f2090dec7?search=k%C9%99smik,—,,,,,,Wolt Market → Kəsmik,Поручить: раздел Kəsmik в Wolt Market
7,🥛 Молочные,Сыр белый,Pendir ağ,Рассольный,500 г,🔴,Atena Ağ Pendir 500q,https://wolt.com/ru/aze/baku/venue/wolt-market-nasimi/atena-ag-pendir-500q-itemid-67d1818152b48cdf85a25881?search=atena,Atena Ağ Pendir 500q,https://wolt.com/ru/aze/baku/venue/bravo-superstore-28-mall/atena-beyaz-pendir-500qr-itemid-0511cedd6b012886ede31ba4?search=atena,Atena Ağ Pendir 500q,https://wolt.com/ru/aze/baku/venue/neptun-supermarket-ag-sheher/atena-ag-pendir-500-qr-itemid-c9cc169cc9944c88939f7409?search=atena,Mpro Çanax Pendiri 500q,https://wolt.com/ru/aze/baku/venue/wolt-market-nasimi/mpro-canax-pendiri-500q-itemid-679747c1c59beb1eed194fca?search=pendir+ag,Mpro Çanax Pendiri 500q,https://wolt.com/ru/aze/baku/venue/bravo-superstore-28-mall/goycay-canax-pendiro-500qr-itemid-7409d5f6725105f6a4c3a9e4?search=pendir,Mpro Çanax Pendiri 500q,https://wolt.com/ru/aze/baku/venue/neptun-supermarket-ag-sheher/goycay-canaq-pendiri-500-qr-itemid-d2d8d0fb14523ad50fa7745c?search=ag+pendir+,—,,,,,,Wolt Market,Чанaq = рассольный. ABAD — гос.бренд фермеров
8,🥛 Молочные,Сулугуни,Suluguni,Сулугуни,250 г,🟡,Azərsüd Saçaq Pendiri 250q,https://wolt.com/ru/aze/baku/venue/wolt-market-nasimi/azersud-sacaq-pendiri-250q-itemid-7e18a245dfab84680a29085d?search=sa%C3%A7aq+pendir,Azərsüd Saçaq Pendiri 250q,https://wolt.com/ru/aze/baku/venue/bravo-superstore-28-mall/azersud-sacaq-pendir-250qr-itemid-a7db544c0fb29032177d74b3?search=sa%C3%A7aq+pendir,Azərsüd Saçaq Pendiri 250q,https://wolt.com/ru/aze/baku/venue/neptun-supermarket-ag-sheher/azersud-sacaq-pendir-250qr-itemid-1df698953be801d98aa422f3?search=sa%C3%A7a+pendir,—,,,,,,—,,,,,,Wolt Market → Pendir,Поручить: раздел Pendir
9,🥛 Молочные,Сыр твёрдый,Bərk pendir,Голландский,1 кг,🟢,—,,,,,,—,,,,,,—,,,,,,Bravo на Wolt,Поручить: импортные сыры
10,🥛 Молочные,Масло слив.,Kərə yağı,82.5%,1 кг,🔴,Azərsüd Kərə Yagı 83% Yağlılıq 1kg,https://wolt.com/ru/aze/baku/venue/wolt-market-nasimi/azersud-kere-yagi-83-yagliliq-1kg-itemid-679747c1c59beb1eed195016?search=k%C9%99r%C9%99+,Azərsüd Kərə Yagı 83% Yağlılıq 1kg,https://wolt.com/ru/aze/baku/venue/bravo-superstore-28-mall/azersud-kere-yagi-1kq-itemid-57132260ea623d94bbdd04b5?search=k%C9%99r%C9%99+ya,Azərsüd Kərə Yagı 83% Yağlılıq 1kg,https://wolt.com/ru/aze/baku/venue/neptun-supermarket-narimanovv/azer-sud-kere-yagi-83-1-kq-itemid-389fc3a530533bf7ed377f92?search=k%C9%99r%C9%99+ya,Milla Kərə Yağı 82% Paket 2x500 gr,не представлен,Milla Kərə Yağı 82% Paket 2x500 gr,https://wolt.com/ru/aze/baku/venue/bravo-superstore-28-mall/milla-kere-yagi-itemid-03e694aa866aab79d5a81e34?search=k%C9%99r%C9%99+ya,Milla Kərə Yağı 82% Paket 2x500 gr,https://wolt.com/ru/aze/baku/venue/neptun-supermarket-narimanovv/milla-kere-yagi-82-paket-2x500-gr-itemid-e9cf85a1e6912d8ad5669698?search=k%C9%99r%C9%99+ya,—,,,,,,Wolt Market,"Atena=180г, Milla=200г. Пересчёт на 200г"
11,🥛 Молочные,Сгущёнка,Qatılaşdırılmış süd,С сахаром,370 г,🟢,Qustiyar Ruslada Şəkərli 8.5% Qatılaşdırılmış Süd 370q,https://wolt.com/ru/aze/baku/venue/wolt-market-landmark/qustiyar-ruslada-sekerli-8-5-qatilasdirilmis-sud-370q-itemid-e286faf330d384efc12d2b96?search=Qat%C4%B1la%C5%9Fd%C4%B1r%C4%B1lm%C4%B1%C5%9F+s%C3%BCd,Qustiyar Ruslada Şəkərli 8.5% Qatılaşdırılmış Süd 370q,https://wolt.com/ru/aze/baku/venue/bravo-hypermarket-20-yanvar/russkiy-qost-qatilasdirilmis-sud-370q,Qustiyar Ruslada Şəkərli 8.5% Qatılaşdırılmış Süd 370q,https://wolt.com/ru/aze/baku/venue/neptun-supermarket-narimanovv/ruslada-qatilasdirilmis-sud-8-5-370-qr-itemid-bd34582588b6359d84f89519?search=Qat%C4%B1la%C5%9Fd%C4%B1r%C4%B1lm%C4%B1%C5%9F+s%C3%BCd,—,,,,,,—,,,,,,Wolt Market,Поручить
12,🥛 Молочные,Сливки,Qaymaq,26%,200 q,🟢,Azərsüd Qaymaq 200q,https://wolt.com/ru/aze/baku/venue/wolt-market-landmark/azersud-qaymaq-200q-itemid-6262498152f6ddc8877e0877?search=qaymaq,Azərsüd Qaymaq 200q,https://wolt.com/ru/aze/baku/venue/bravo-hypermarket-20-yanvar/azersud-qaymaq-200qr-itemid-182231908d2d3f15162ba915?search=qaymaq,Azərsüd Qaymaq 200q,https://wolt.com/ru/aze/baku/venue/neptun-supermarket-narimanovv/azer-sud-qaymaq-26-200-qr-itemid-8afb04d99fcfbbfe5ed8a47f?search=qaymaq,Milla Qaymaq 26% 200q,https://wolt.com/ru/aze/baku/venue/wolt-market-landmark/milla-qaymaq-26-200q-itemid-6583ff1fa67f37ebe6b04fc6?search=qaymaq,Milla Qaymaq 26% 200q,https://wolt.com/ru/aze/baku/venue/bravo-hypermarket-20-yanvar/milla-qaymaq-26-200qr-itemid-5c1aa83679715e0970d5d0c5?search=qaymaq,Milla Qaymaq 26% 200q,https://wolt.com/ru/aze/baku/venue/neptun-supermarket-narimanovv/milla-qaymaq-200-qr-itemid-faecd9f049de14e9a71c9e19?search=qaymaq,—,,,,,,Wolt Market,Поручить: Xama və Qaymaq
13,🥛 Молочные,Плавленый сыр,Əriyən pendir,,400 г,🟢,Hochland Pendir 400q,https://wolt.com/ru/aze/baku/venue/wolt-market-landmark/hochland-pendir-400q-itemid-627512d829e7ba8316d273b2?search=Hochland,Hochland Pendir 400q,https://wolt.com/ru/aze/baku/venue/bravo-hypermarket-20-yanvar/hochland-pendiri-fatty-400qr-itemid-35a2a4d5745a5f58e07884d7?search=Hochland,Hochland Pendir 400q,https://wolt.com/ru/aze/baku/venue/neptun-supermarket-narimanovv/hochland-400-qr-pendir-qaymaqli-plastik-qabda-itemid-2f8fb1b44e6c92f7b2fca553?search=Hochland,Viola Əridilmiş Pendir 400q,https://wolt.com/ru/aze/baku/venue/wolt-market-landmark/viola-eridilmis-pendir-400q-itemid-625e7121de5118ebeeaf4142,Viola Əridilmiş Pendir 400q,https://wolt.com/ru/aze/baku/venue/bravo-hypermarket-20-yanvar/viola-eridilmis-pendir-400qr-itemid-3590f988906dcc76514db051,Viola Əridilmiş Pendir 400q,https://wolt.com/ru/aze/baku/venue/neptun-supermarket-3-mkr/viola-400-qr-eridilmis-pendir-qaymaqli-plastik-qabda-itemid-b513cbf3751c4a52a57265e4?search=viola,—,,,,,,Wolt Market,Поручить
14,🥛 Молочные,Йогурт питьевой,İçməli yoqurt,Фруктовый,270 мл,🟢,Milla Yoqurt İçməli Giləmeyvə 270ml,https://wolt.com/ru/aze/baku/venue/wolt-market-landmark/milla-yoqurt-icmeli-gilemeyve-270ml-itemid-63976d638d6c90e366944c03?search=yogurt,Milla Yoqurt İçməli Giləmeyvə 270ml,https://wolt.com/ru/aze/baku/venue/bravo-hypermarket-20-yanvar/itemid-f881eab4a6d3dadbd6fca690?search=yogurt+milla,Milla Yoqurt İçməli Giləmeyvə 270ml,https://wolt.com/ru/aze/baku/venue/neptun-supermarket-3-mkr/milla-270-ml-icmeli-yoqurt-gilemeyve-plastik-qabda-itemid-f758122bf9d1ec7564cedbda?search=yogurt,Alpenland İçməli Yoqurt Şaftalı-Marakuya 1.2% 290q,https://wolt.com/ru/aze/baku/venue/wolt-market-landmark/alpenland-icmeli-yoqurt-saftali-marakuya-1-2-290q-itemid-67d18228f5a00f0fb1b135ad?search=yogurt,Alpenland İçməli Yoqurt Şaftalı-Marakuya 1.2% 290q,https://wolt.com/ru/aze/baku/venue/bravo-hypermarket-20-yanvar/alpenland-yoqurt-saftali-marakuya-290qr-itemid-43c0513f1ee6c7804eaa990a?search=yogurt,Alpenland İçməli Yoqurt Şaftalı-Marakuya 1.2% 290q,https://wolt.com/ru/aze/baku/venue/neptun-supermarket-3-mkr/alpenland-yoqurt-1-2-saftali-marakuya-290-qr-itemid-615858416e4e4ff57d2c57f4?search=yogurt+alpen,—,,,,,,Wolt Market,
15,🍞 Хлеб,Батон белый,Ağ çörək,Нарезной,400 г,🔴,No1 Çörək Zavodu Xüsusi Baton 400q,https://wolt.com/ru/aze/baku/venue/wolt-market-nasimi/no1-corek-zavodu-xususi-baton-400q-itemid-679747c0c59beb1eed193e22?search=%C3%A7%C3%B6r%C9%99k,No1 Çörək Zavodu Xüsusi Baton 400q,https://wolt.com/ru/aze/baku/venue/bravo-hypermarket-koroglu/n1-xususi-baton-400qr-itemid-02e57eae51ee2b5fc4883152?search=%C3%A7%C3%B6r%C9%99k,No1 Çörək Zavodu Xüsusi Baton 400q,,Bravo çörək,,,,,,—,,,,,,Wolt Market + Bravo,Хлеб без бренда. Парсим из 2 магазинов → средняя
16,🍞 Хлеб,Лаваш,Lavaş,Тонкий,1 шт,🔴,Wolt Market Lavaş,,,,,,Bravo Lavaş,,,,,,—,,,,,,Wolt Market + Bravo,Без бренда. 2 источника → средняя
17,🍞 Хлеб,Тендир,Təndir çörəyi,Тандырный,1 шт,🟡,товар не представлен,,Face Təndir Çörəyi Orta,https://wolt.com/ru/aze/baku/venue/market11/gence-tendir-kicik-yumru-ag-itemid-8e3203e882e9ac5db44d9c5e?search=t%C9%99ndir,Gəncə Təndir Kiçik Yumru Ağ,https://wolt.com/ru/aze/baku/venue/market11/gence-tendir-kicik-yumru-ag-itemid-8e3203e882e9ac5db44d9c5e?search=t%C9%99ndir,—,,,,,,—,,,,,,Wolt Market,
18,🍞 Хлеб,Ржаной,Qara çörək,Нарезной,400 г,🟢,No1 Çörək Zavodu Borodin Çörəyi 400q,https://wolt.com/ru/aze/baku/venue/wolt-market-yasamal/no1-corek-zavodu-borodin-coreyi-400q-itemid-6426b5cad6ef8edc2b2a2e4b,"N1 Borodin Çörək 400qr
",https://wolt.com/ru/aze/baku/venue/bravo-supermarket-azure/n1-borodin-corek-400qr-itemid-bfe215faad78c05406445d32,N1 Zavod 400 qr Borodin Çörəyi,https://wolt.com/ru/aze/baku/venue/market11/n1-zavod-400-qr-borodin-coreyi-itemid-4220cebee69bdfb31ff7b88a,İvanovka Borodino Çovdar Çörəyi 600q,https://wolt.com/ru/aze/baku/venue/wolt-market-yasamal/ivanovka-borodino-covdar-coreyi-600q-itemid-67ab3398a6e65e5d5dcb2562,Ivanovka Borodin Çovdar Çörəyi 600qr,https://wolt.com/ru/aze/baku/venue/bravo-supermarket-azure/ivanovka-borodin-covdar-coreyi-600qr-itemid-aead5d3cc4a64ab8393886cc,Çörək İvanovka 600 qr Borodinskiy,https://wolt.com/ru/aze/baku/venue/market11/corek-ivanovka-600-qr-borodinskiy-itemid-760fcbd0f469fcb9f85d8e8d,—,,,,,,Wolt Market,Поручить
19,🍞 Хлеб,Юха,Yuxa,Для кутабов,1 шт,🟡,Wolt Market Yuxa,,,,,,—,,,,,,—,,,,,,Wolt Market,
20,🍞 Хлеб,Багет,Baget,Французский,1 шт,🟢,Wolt Market Baget,,,,,,—,,,,,,—,,,,,,Wolt Market,
21,🍞 Хлеб,Хлебцы,Qaleta,,100 г,🟢,Xlebtsi Molodsi Çovdarlı 100q,https://wolt.com/ru/aze/baku/venue/wolt-market-khaglar/xlebtsi-molodsi-covdarli-100q-itemid-329cd2955b945cd93919fc7d,Xlebtsi Molodsi Çovdarlı 100q,https://wolt.com/ru/aze/baku/venue/bravo-supermarket-babek-pr-ti-2004/xlebtsi-molodtsi-covdarli-100qr-itemid-37a7226ef91aa9d95dcbd44f,Xlebtsi Molodsi Çovdarlı 100q,https://wolt.com/ru/aze/baku/venue/neptun-supermarket-narimanovv/xlebsi-molodci-covdar-100-qr-itemid-e4151151fe30f3fc57ce2132,Dr. Körner Qarğıdalı və Düyü Karamelli Xlebtsi 90q,https://wolt.com/ru/aze/baku/venue/wolt-market-khaglar/dr-korner-qargidali-ve-duyu-karamelli-xlebtsi-90q-itemid-6718448026b216c86553dae8,Dr. Körner Qarğıdalı və Düyü Karamelli Xlebtsi 90q,https://wolt.com/ru/aze/baku/venue/bravo-supermarket-babek-pr-ti-2004/drkorner-xlebci-qargidali-ve-duyulu-karamel-90g-itemid-de4842a2c224bd418626d0db,Dr. Körner Qarğıdalı və Düyü Karamelli Xlebtsi 90q,https://wolt.com/ru/aze/baku/venue/neptun-supermarket-narimanovv/dr-korner-qargidali-ve-duyu-karamelli-xlebtsi-90q-itemid-5749cbbfa62068a63ec2793f,—,,,,,,Wolt Market,Поручить
22,🌾 Крупы,Рис,Düyü,Длиннозёрный,1 кг,🔴,Sultan Basmati Düyüsü 1kq,https://wolt.com/ru/aze/baku/venue/wolt-market-khaglar/sultan-basmati-duyusu-1kq-itemid-2b2fc87fb3d3051b3e5bb1c7,Sultan Basmati Düyüsü 1kq,https://wolt.com/ru/aze/baku/venue/bravo-supermarket-babek-pr-ti-2004/sultan-basmati-duyu-1kq-itemid-5d86a908d72026a7a6a9daec,Sultan Basmati Düyüsü 1kq,https://wolt.com/ru/aze/baku/venue/neptun-supermarket-narimanovv/sultan-basmati-duyu-1-kq-itemid-f0bdf4f995fa1ee75d47b913,"Richmond Uzun Düyü 800q
",https://wolt.com/ru/aze/baku/venue/wolt-market-khaglar/richmond-uzun-duyu-800q-itemid-4d71c79fbbe41a3be4a4939f,Richmond Uzun Düyü 800q,https://wolt.com/ru/aze/baku/venue/bravo-supermarket-babek-pr-ti-2004/richmond-uzun-duyu-800-g-itemid-83c5d957f9c65dfde653be96,Richmond Uzun Düyü 800q,https://wolt.com/ru/aze/baku/venue/neptun-supermarket-narimanovv/richmond-duyu-uzun-800-qr-itemid-3a0f16e6d17abdad4a67672e,—,,,,,,Wolt Market + Bravo,Без бренда. 2 источника → средняя
23,🌾 Крупы,Гречка,Qarabaşaq,Ядрица,800 г ,🟡,Richmond Qarabaşaq 800q,https://wolt.com/ru/aze/baku/venue/wolt-market-khaglar/richmond-qarabasaq-800q-itemid-0b49ad530bc2bcfc769fdd8b,Richmond Qarabaşaq 800q,https://wolt.com/ru/aze/baku/venue/bravo-supermarket-babek-pr-ti-2004/richmond-qarabasaq-800qr-itemid-6e3cdd371f400ae4ac90e426,Richmond Qarabaşaq 800q,https://wolt.com/ru/aze/baku/venue/neptun-supermarket-narimanovv/richmond-qarabasaq-800-qr-itemid-dce569d91bcb14031948523c,Ankara Qarabaşaq 800q,https://wolt.com/ru/aze/baku/venue/wolt-market-khaglar/ankara-qarabasaq-800q-itemid-d61e37b17959e6e7c397b5e3,Ankara Qarabaşaq 800q,https://wolt.com/ru/aze/baku/venue/bravo-supermarket-babek-pr-ti-2004/ankara-qarabashaq-800qr-itemid-8f7c47457b07fb6437c2e135,Ankara Qarabaşaq 800q,https://wolt.com/ru/aze/baku/venue/neptun-supermarket-narimanovv/ankara-800-qr-qarabasaq-paket-itemid-f17fc0aa272d000c7225053b,—,,,,,,Wolt Market,
24,🌾 Крупы,Булгур,Bulqur,Крупный,800 г ,🟡,Ankara Bulqur Aş Üçün 800q,https://wolt.com/ru/aze/baku/venue/wolt-market-nasimi/ankara-bulqur-as-ucun-800q-itemid-a0380ed348b8b95516d6d256,Ankara Bulqur Aş Üçün 800q,https://wolt.com/ru/aze/baku/venue/bravo-supermarket-babek-pr-ti-2004/ankara-sehriyeli-bulqur-800qr-itemid-d128ac7a2e7142906d6aec05,Ankara Bulqur Aş Üçün 800q,https://wolt.com/ru/aze/baku/venue/neptun-supermarket-narimanovv/ankara-800-qr-bulgur-paket-itemid-ac5aaafc8549b9b8560fe432,—,,,,,,—,,,,,,Wolt Market,
25,🌾 Крупы,Овсянка,Yulaf,Геркулес,420 г,🟡,Russkiy Produkt Hercules Ənənəvi Yulaf Lopaları 420q,https://wolt.com/ru/aze/baku/venue/wolt-market-nasimi/russkiy-produkt-hercules-enenevi-yulaf-lopalari-420q-itemid-679747c0c59beb1eed1938fa,Russkiy Produkt Ənənəvi Yulaf Lopaları 420qr Qutu,https://wolt.com/ru/aze/baku/venue/bravo-supermarket-babek-pr-ti-2004/russkiy-produkt-enenevi-yulaf-lopalari-420qr-qutu-itemid-41aad6adecf29ba16ada43c9,Russkiy Produkt Ənənəvi Yulaf Lopaları 420qr Qutu,https://wolt.com/ru/aze/baku/venue/neptun-supermarket-narimanovv/russkiy-produkt-qerkules-enenevi-qutu-420-qr-itemid-c91a0ec92d3c799d1c0d18ee,—,,,,,,—,,,,,,Wolt Market,Поручить: Səhər Yeməyi
26,🌾 Крупы,Манка,Manka,Манная,800 г,🟢,Ankara Manna Yarması 800q,https://wolt.com/ru/aze/baku/venue/wolt-market-nasimi/ankara-manna-yarmasi-800q-itemid-679747c0c59beb1eed19409c,Ankara Manna Yarması 800q,https://wolt.com/ru/aze/baku/venue/bravo-supermarket-babek-pr-ti-2004/ankara-manna-yarmasi-800qr-itemid-75adf266f33db06932933d3f,Ankara Manna Yarması 800q,https://wolt.com/ru/aze/baku/venue/market11/ankara-800-qr-manni-paket-itemid-0790c33fa5503b881adb95ad,Tsar Manna Yarması 800q,https://wolt.com/ru/aze/baku/venue/wolt-market-nasimi/tsar-manna-yarmasi-800q-itemid-679747c0c59beb1eed194084,Tsar Manna Yarması 800q,https://wolt.com/ru/aze/baku/venue/bravo-supermarket-babek-pr-ti-2004/tsar-manna-800qr-itemid-4ab33afea6ffea84196354a0,Tsar Manna Yarması 800q,https://wolt.com/ru/aze/baku/venue/market11/car-800-qr-manna-yarmasi-paket-itemid-68a08227bd54075b8d7be967,—,,,,,,Wolt Market,Поручить
27,🌾 Крупы,Пшено,Darı,Шлифованное,500 г,🟢,—,,Richmond Buğda Yarmasi 800 G,https://wolt.com/ru/aze/baku/venue/bravo-supermarket-babek-pr-ti-2004/richmond-bugda-yarmasi-800-g-itemid-13827f8772e2419c4fd915e9,Richmond Buğda Yarmasi 800 G,https://wolt.com/ru/aze/baku/venue/market11/richmond-bugda-yarmasi-paket-800-qr-itemid-8f8e407a8022621d540eb44d,—,,,,,,—,,,,,,Wolt Market,Поручить
28,🌾 Крупы,Перловка,Arpa yarması,Перловая,500 г,🟢,—,,,,,,—,,,,,,—,,,,,,Wolt Market,Поручить
29,🌾 Крупы,Мука,Un,Пшеничная в/с,1 кг,🔴,Tsar Un 1kq,https://wolt.com/ru/aze/baku/venue/wolt-market-khaglar/tsar-un-1kq-itemid-eee41c820d9b21c297335fc4,Tsar Un 1kq,https://wolt.com/ru/aze/baku/venue/bravo-supermarket-babek-pr-ti-2004/tsar-un-1kg-itemid-866d083deb4c6657f62435c5,Tsar Un 1kq,https://wolt.com/ru/aze/baku/venue/market11/car-1kq-un-itemid-aaa036290943b8bab185635d,Makfa Un 1kq,https://wolt.com/ru/aze/baku/venue/wolt-market-khaglar/makfa-un-1kq-itemid-8a900f0235342be8ac6d5acc,Makfa Un 1kq,https://wolt.com/ru/aze/baku/venue/bravo-supermarket-babek-pr-ti-2004/makfa-un-1kq-itemid-a7e8d06bd39f1900fcf43d88,Makfa Un 1kq,https://wolt.com/ru/aze/baku/venue/market11/makfa-un-1-kq-itemid-c3b61803a0b67cd7cafe1334,—,,,,,,Wolt Market + Bravo,Без бренда. 2 источника → средняя
30,🌾 Крупы,Чечевица,Mərci,Красная,800 г,🟡,"Richmond Qırmızı Mərci 800q
",https://wolt.com/ru/aze/baku/venue/wolt-market-khaglar/richmond-qirmizi-merci-800q-itemid-1ed1bd28c8bc8aef9a83ba70,"Richmond Qırmızı Mərci 800q
",https://wolt.com/ru/aze/baku/venue/bravo-supermarket-babek-pr-ti-2004/richmond-qirmizi-merci-800qr-itemid-2483653f19757d5767c111f1,"Richmond Qırmızı Mərci 800q
",https://wolt.com/ru/aze/baku/venue/market11/richmond-mercimek-qirmizi-800-qr-itemid-5d48a9b5b0aaa72ac7e98e18,"Ankara Qırmızı Mərci 800q
",https://wolt.com/ru/aze/baku/venue/wolt-market-khaglar/ankara-qirmizi-merci-800q-itemid-5317f3a273bdadde05dfa6b8,Ankara Qırmızı Mərci 800q,https://wolt.com/ru/aze/baku/venue/bravo-supermarket-babek-pr-ti-2004/ankara-qirmizi-merci-800qr-itemid-815074d580484c85c4ab8611,Ankara Qırmızı Mərci 800q,https://wolt.com/ru/aze/baku/venue/market11/ankara-800-qr-merci-qirmizi-paket-itemid-122ba72fe2fd575842abb38e,—,,,,,,Wolt Market,Поручить
31,🌾 Крупы,Фасоль,Lobya,Белая сухая,800 г,🟡,Ankara Ağ Lobya 800q,https://wolt.com/ru/aze/baku/venue/wolt-market-khaglar/ankara-ag-lobya-800q-itemid-f9a2ee39108cbaecdd3a6445,Ankara Ağ Lobya 800q,https://wolt.com/ru/aze/baku/venue/bravo-supermarket-babek-pr-ti-2004/ankara-800qr-ag-lobya-itemid-c85eccee7111fc34c39d9e98,Ankara Ağ Lobya 800q,https://wolt.com/ru/aze/baku/venue/market11/ankara-800-qr-ag-lobya-paket-itemid-00e27647ceda6c588ff3c157,—,,,,,,—,,,,,,Wolt Market,Поручить
32,🌾 Крупы,Нут,Noxud,Целый,800 г,🔴,Richmond Noxud 800q,https://wolt.com/ru/aze/baku/venue/wolt-market-khaglar/richmond-noxud-800q-itemid-f232458daf5fadfc810f969c,Richmond Noxud 800q,https://wolt.com/ru/aze/baku/venue/bravo-supermarket-babek-pr-ti-2004/richmond-noxud-800qr-itemid-b9b9889d1d2dd1c99d2612a5,Richmond Noxud 800q,https://wolt.com/ru/aze/baku/venue/market11/richmond-800-qr-noxud-itemid-fa5974d4eb7f9e5d5f8cc485,Ankara Noxud 800q,https://wolt.com/ru/aze/baku/venue/wolt-market-khaglar/ankara-noxud-800q-itemid-009d2b9e6d9e6e2727aeb912,Ankara Noxud 800q,https://wolt.com/ru/aze/baku/venue/bravo-supermarket-babek-pr-ti-2004/ankara-noxud-800qr-itemid-4e1d3c4b5ae31702f96ed1f3,Ankara Noxud 800q,https://wolt.com/ru/aze/baku/venue/market11/ankara-800-qr-noxud-paket-itemid-74002e2cefcb79058514d149,—,,,,,,Wolt Market,
33,🌾 Крупы,Кукурузная,Qarğıdalı,Кукурузная,800 г,🟢,Ankara Qarğıdalı Popcorn 800q,https://wolt.com/ru/aze/baku/venue/wolt-market-khaglar/ankara-qargidali-popcorn-800q-itemid-5ebb324aba0f01917eec3ee8,Ankara Qarğıdalı Popcorn 800q,https://wolt.com/ru/aze/baku/venue/bravo-supermarket-babek-pr-ti-2004/ankara-qargidali-popkorn-800qr-itemid-148de62c6d880e17a24c1c07,Ankara Qarğıdalı Popcorn 800q,https://wolt.com/ru/aze/baku/venue/market11/ankara-800-qr-qargidali-paket-itemid-71dcb417fd17ec1abd586c0d,—,,,,,,—,,,,,,Wolt Market,Поручить
34,🌾 Крупы,Рис басмати,Düyü basmati,Импорт,1 кг,🟢,—,,,,,,—,,,,,,—,,,,,,Wolt Market,Поручить
35,🍝 Макароны,Спагетти,Spagetti,500г,500 г,🟡,Ankara Vitaminli Spagetti 500q,https://wolt.com/ru/aze/baku/venue/wolt-market-khaglar/ankara-vitaminli-spagetti-500q-itemid-5c57b51e14de614fe4a1a02a,Ankara Vitaminli Spagetti 500q,https://wolt.com/ru/aze/baku/venue/bravo-supermarket-babek-pr-ti-2004/ankara-spaghetti-500qr-itemid-c71ced09f11510ba8fe37b47,Ankara Vitaminli Spagetti 500q,https://wolt.com/ru/aze/baku/venue/market11/ankara-ince-spagetti-500-qr-itemid-4e705bf1f1d05f4650957497,"Saville Makaron Spagetti 500q
",https://wolt.com/ru/aze/baku/venue/wolt-market-khaglar/saville-makaron-spagetti-500q-itemid-f1be456f7b2424dba0131d2a,"Saville Makaron Spagetti 500q
",https://wolt.com/ru/aze/baku/venue/bravo-supermarket-babek-pr-ti-2004/saville-makaron-spagetti-500qr-itemid-f4b2cb3f9301adcc71988638,"Saville Makaron Spagetti 500q
",https://wolt.com/ru/aze/baku/venue/market11/saville-spaqetti-500-qr-itemid-65d81fa898a81d24d90e8ec6,—,,,,,,Wolt Market,Barilla = стабильный бенчмарк
36,🍝 Макароны,Макароны,Penne,Рожки,500 г,🟢,"Ankara Qələm Makaron 500q
",https://wolt.com/ru/aze/baku/venue/wolt-market-khaglar/ankara-qelem-makaron-500q-itemid-599587600453808f9ffd1aa1,Ankara Qələm Makaron 500q,https://wolt.com/ru/aze/baku/venue/bravo-supermarket-genclik/ankara-makaron-qelem-500qr-itemid-19ce786c93d3a0da8194f6b5,Ankara Qələm Makaron 500q,https://wolt.com/ru/aze/baku/venue/market11/ankara-makaron-500-qr-itemid-e1ae9dfe1a5de4106217263c,"Saville Makaron Qələm Kəsmə 500q
",https://wolt.com/ru/aze/baku/venue/wolt-market-khaglar/saville-makaron-qelem-kesme-500q-itemid-f966ceaddb578e0b1001ebb0,"Saville Makaron Qələm Kəsmə 500q
",https://wolt.com/ru/aze/baku/venue/bravo-supermarket-genclik/saville-makaron-qelem-kesme-500qr-itemid-380db09dec6c55059df53ab3,"Saville Makaron Qələm Kəsmə 500q
",https://wolt.com/ru/aze/baku/venue/market11/saville-makaron-qelem-kesme-500-qr-itemid-e56c00d0570345404268dcc9,—,,,,,,Wolt Market,
37,🍝 Макароны,Вермишель,Şehriyyə,Тонкая,500 г,🟡,"Ankara Tel Əriştə 500q
",https://wolt.com/ru/aze/baku/venue/wolt-market-khaglar/ankara-tel-eriste-500q-itemid-43a5b50cfbfa730f0bb12958,Ankara Tel Əriştə 500q,https://wolt.com/ru/aze/baku/venue/bravo-supermarket-genclik/ankara-makaron-tel-sehriye-500qr-itemid-ffecc6ff12de87d31eebb4b6,Ankara Tel Əriştə 500q,https://wolt.com/ru/aze/baku/venue/market11/ankara-makaron-tel-500-qr-itemid-5347a5027d03665722b6a9b1,Saville Tel Şehriyye 500q,https://wolt.com/ru/aze/baku/venue/wolt-market-khaglar/saville-tel-sehriyye-500q-itemid-a765e7b85a27530ff28821ef,Saville Tel Şehriyye 500q,https://wolt.com/ru/aze/baku/venue/bravo-supermarket-genclik/saville-tel-sehriye-500q-itemid-78977931b8dd4b712ba3e536,Saville Vermişel 500 qr,https://wolt.com/ru/aze/baku/venue/market11/saville-vermisel-500-qr-itemid-893807157729d3d9943c099f,—,,,,,,Wolt Market,Поручить: местные бренды
38,🥩 Мясо,Куриное филе,Toyuq filesi,Грудка, 1 кг,🔴,"Mərcan Təzə Toyuq Filesi, ~583 g",https://wolt.com/ru/aze/baku/venue/wolt-market-khaglar/mercan-teze-toyuq-filesi-583-g-itemid-e0c47d4fd65e8af22c88f14b,Mərcan Soyulmuş Toyuq Filesi Qabda 5182,https://wolt.com/ru/aze/baku/venue/bravo-hypermarket-20-yanvar/mercan-soyulmus-toyuq-filesi-qabda-5182-itemid-64e38734b0ffeea5f3f499ea,Mərcan Toyuq File Soyudulmuş kg,https://wolt.com/ru/aze/baku/venue/market11/mercan-toyuq-file-soyudulmus-kg-itemid-8e74e6cc48712096d556eef2,Bravo (по весу),,,,,,Araz (по весу),,,,,,3 магазина → средняя,Мясо без бренда. ОБЯЗАТЕЛЬНО 2-3 источника
39,🥩 Мясо,Курица целая,Toyuq bütöv,Охлаждённая,1.25 кг,🟡,"Mərcan Təzə Bütöv Toyuq, ~1250 g
",https://wolt.com/ru/aze/baku/venue/wolt-market-khaglar/mercan-teze-butov-toyuq-1250-g-itemid-b34b787073dae1a587897424,"Mərcan Donmuş Toyuq Qabda 1kq 3616
",https://wolt.com/ru/aze/baku/venue/bravo-hypermarket-20-yanvar/mercan-donmus-toyuq-qabda-1kq-3616-itemid-5231c600842bb65bd0972f52,Mərcan Toyuq Paket kq,https://wolt.com/ru/aze/baku/venue/market11/mercan-toyuq-paket-kq-itemid-64c503e62faa5b487a776454,Bravo (по весу),,,,,,—,,,,,,2 магазина → средняя,
40,🥩 Мясо,Куриные бёдра,Toyuq budu,Бёдра,483 г,🟡,"Mərcan Təzə Toyuq Budu, ~483 g",https://wolt.com/ru/aze/baku/venue/wolt-market-khaglar/mercan-teze-toyuq-budu-483-g-itemid-5c3ec62a61a6b17aa61d02d5,Mercan Təzə Toyuq Bud Qabda kq,https://wolt.com/ru/aze/baku/venue/bravo-hypermarket-20-yanvar/mercan-teze-toyuq-bud-qabda-kq-itemid-257ca1603227ea08fdb84250,Mərcan Toyuq Bud Butulka kq,https://wolt.com/ru/aze/baku/venue/market11/mercan-toyuq-bud-butulka-kq-itemid-cf3c42b428c73a40dda3c5f2,Bravo (по весу),,,,,,—,,,,,,2 магазина → средняя,
41,🥩 Мясо,Куриные крылья,Toyuq qanadı,Крылья,440 г,🟢,"Mərcan Təzə Toyuq Qanadı, ~440 g",https://wolt.com/ru/aze/baku/venue/wolt-market-landmark/mercan-teze-toyuq-qanadi-440-g-itemid-6825e210f5cf665aee8200eb,Mərcan Donmuş Toyuq Qanadi Qab 1kq 3624,https://wolt.com/ru/aze/baku/venue/bravo-hypermarket-20-yanvar/mercan-donmus-toyuq-qanadi-qab-1kq-3624-itemid-728fb4a4663b437059b2ca02,Mərcan Toyuq Qanad kq,https://wolt.com/ru/aze/baku/venue/neptun-supermarket-28/mercan-toyuq-qanad-kq-itemid-74d8ad48e87b57b3695c4cef,—,,,,,,—,,,,,,Wolt Market,
42,🥩 Мясо,Говядина,Mal əti,Мясо,1 кг,🔴,,,,,"
",,Bravo (по весу),,,,,,Araz (по весу),,,,,,3 магазина → средняя,Мясо без бренда. ОБЯЗАТЕЛЬНО 2-3 источника
43,🥩 Мясо,Говяжий фарш,Qiymə mal,Фарш,1 кг,🟡,Wolt Market (по весу),,"Mal Ətinden Qiymə kq 2999
",https://wolt.com/ru/aze/baku/venue/bravo-hypermarket-20-yanvar/mal-etinden-qiyme-kq-2999-itemid-09d9e200de19daf1d2c54a53,Ət Dana Farş kq,https://wolt.com/ru/aze/baku/venue/neptun-supermarket-28/et-dana-fars-kq-itemid-3b892452a092ded71c0755ad,Bravo (по весу),,,,,,—,,,,,,2 магазина → средняя,
44,🥩 Мясо,Баранина,Qoyun əti,Лопатка/нога,1 кг,🔴,Wolt Market (по весу),,,,,,Bravo (по весу),,,,,,Araz (по весу),,,,,,3 магазина → средняя,Мясо без бренда. ОБЯЗАТЕЛЬНО 2-3 источника
45,🥩 Мясо,Телятина,Dana əti,Лопатка,1 кг,🟡,Wolt Market (по весу),,Dana Bel Əti Sümüksüz 873,https://wolt.com/ru/aze/baku/venue/bravo-supermarket-babek-pr-ti-2004/dana-bel-eti-sumuksuz-873-itemid-5058dc2bfbc5d9c00f8574e8,Ət Dana Bel Əti Sümüksüz kq,https://wolt.com/ru/aze/baku/venue/neptun-supermarket-28/et-dana-bel-eti-sumuksuz-kq-itemid-88daac54c0ddaedf3f405e87,Bravo (по весу),,,,,,—,,,,,,2 магазина → средняя,
46,🥩 Мясо,Индейка,Hinduşka filesi,Филе,1 кг,🟡,—,,,,,,—,,,,,,—,,,,,,Поручить,Может не быть в Wolt Market
47,🥩 Мясо,Печень,Mal ciyəri,Говяжья,1 кг,🟡,Wolt Market (по весу),,Dana Ciyər kq,https://wolt.com/ru/aze/baku/venue/bravo-hypermarket-20-yanvar/dana-ciyer-kq-itemid-8c1594fb72e0bbc867cff5e9,,,—,,,,,,—,,,,,,Wolt Market,
48,🥩 Мясо,Баранья корейка,Qoyun pirzolası,Рёбрышки,1 кг,🟢,—,,,,,,—,,,,,,—,,,,,,Поручить,
49,🥩 Мясо,Курдюк,Quyruq yağı,Курдючный жир,1 кг,🟡,—,,,,,,—,,,,,,—,,,,,,Поручить,
50,🥩 Мясо,Фарш бараний,Qiymə qoyun,Бараний,1 кг,🟢,—,,,,,,—,,,,,,—,,,,,,Поручить,
51,🐟 Рыба,Форель,Forel,Целая охлажд.,1 кг,🟡,Wolt Market Forel,,,,,,Bravo Forel,,,,,,—,,,,,,2 магазина → средняя,По весу
52,🐟 Рыба,Сёмга,Qızıl balıq,Стейк,1 кг,🟢,—,,,,,,—,,,,,,—,,,,,,Поручить,"Импорт, может не быть"
53,🐟 Рыба,Осётр,Nərə balığı,Каспийский,1 кг,🟡,—,,,,,,—,,,,,,—,,,,,,Поручить,"Местная, сезонно"
54,🐟 Рыба,Креветки,Krevet,Заморож.,1 кг,🟢,Vici Kral Kreveti 1kq,https://wolt.com/ru/aze/baku/venue/wolt-market-landmark/vici-kral-kreveti-1kq-itemid-665ee0e869d96fa14d8e0c00,Vici Kral Krevet Başli (30/40) 1 Kq,https://wolt.com/ru/aze/baku/venue/bravo-supermarket-babek-pr-ti-2004/vici-kral-krevet-basli-30-40-1-kq-itemid-2c439a08b7ed1f6df5b986c0,Vici Krevetka Başlı Korolevskie 30/40 1kg,https://wolt.com/ru/aze/baku/venue/market11/vici-krevetka-basli-korolevskie-30-40-1kg-itemid-8a92f3e0c9c1ad86d89d25d2,—,,,,,,—,,,,,,Поручить,Donmuş Qida раздел
55,🐟 Рыба,Тунец конс.,Tuna konserv,В с/с,150 г,🟡,Dardanel Zeytun Yağında Tuna 150q,https://wolt.com/ru/aze/baku/venue/wolt-market-landmark/dardanel-zeytun-yaginda-tuna-150q-itemid-660d9bbd90571e332df568bd,Dardanel Zeytunlu Ton Balığı 160qr,https://wolt.com/ru/aze/baku/venue/bravo-supermarket-rifah-plaza/dardanel-zeytunlu-ton-baligi-160qr-itemid-92f2684bd070eb69625ea8d0,Dardanel Zeytun Yağında Tuna 150q,https://wolt.com/ru/aze/baku/venue/market11/dardanel-zeytun-yaginda-tuna-150q-itemid-29a5a117152f43d620faee53,—,,,,,,—,,,,,,Поручить,Konserv раздел
56,🐟 Рыба,Кутум,Kütüm,Каспийский,1 кг,🟢,—,,,,,,—,,,,,,—,,,,,,Поручить,Сезонно
57,🥚 Яйца,Яйца куриные,Yumurta,С1 крупные,10 шт,🔴,Yumurtaşka Ağ Yumurta (10 ədədli),https://wolt.com/ru/aze/baku/venue/wolt-market-landmark/yumurtaska-ag-yumurta-10-ededli-itemid-65b8c9487297cfe5b73a379e,"Milvana Ağ Yumurta 10əd.
",https://wolt.com/ru/aze/baku/venue/bravo-supermarket-bulbul-ave/milvana-ag-yumurta-10ed-itemid-010fa37912ef77fb5546daa2,"Yumurtaska Ağ Yumurta 10-lu Qutu
",https://wolt.com/ru/aze/baku/venue/market11/yumurtaska-ag-yumurta-10-lu-qutu-itemid-8fc5e20d49f8334841d4c791,Bravo Yumurta 10əd,,,,,,Araz Yumurta 10əd,,,,,,3 магазина → средняя,Без бренда. 3 источника обязательно
58,🥚 Яйца,Перепелиные,Bildirçin yumurtası,,12 шт,🟢,Yumurtaşka Bildirçin Yumurtası (12 ədədli),https://wolt.com/ru/aze/baku/venue/wolt-market-landmark/yumurtaska-bildircin-yumurtasi-12-ededli-itemid-68066b15d8c0c482cf5043d2,Fazan Bildirçin Yumurtası 12 əd.,https://wolt.com/ru/aze/baku/venue/bravo-supermarket-globus-centre/fazan-bildircin-yumurtasi-12-ed-itemid-0b671285f8ab0f56ba11bf6b,Yumurtaşka Bildirçin Yumurtası (12 ədədli),https://wolt.com/ru/aze/baku/venue/neptun-8-mkr/yumurtaska-bildircin-yumurtasi-12-ededli-itemid-7df3b5268c1f14a9cae1018b,—,,,,,,—,,,,,,Поручить,
59,🫒 Масла,Подсолнечное,Günəbaxan yağı,Рафинир.,1 л,🔴,Final Günəbaxan Yağı 1l,https://wolt.com/ru/aze/baku/venue/wolt-market-landmark/final-gunebaxan-yagi-1l-itemid-665ee0e869d96fa14d8e0a78,Final Günəbaxan Yaği 1l,https://wolt.com/ru/aze/baku/venue/bravo-supermarket-globus-centre/final-gunebaxan-yagi-1l-itemid-4d00a4f604b2d144caf74d2e,"Final Günəbaxan Yağı 1 l
",https://wolt.com/ru/aze/baku/venue/market11/final-gunebaxan-yagi-1-l-itemid-4cac1f35234456a1beeed074,Möcüzə Günəbaxan Yağı 1l,https://wolt.com/ru/aze/baku/venue/wolt-market-landmark/mocuze-gunebaxan-yagi-1l-itemid-62624c61f2781c36a6508614,Möcüzə Kərə Ləzzətli Günəbaxan Yağı 1l,https://wolt.com/ru/aze/baku/venue/bravo-supermarket-globus-centre/mocuze-kere-lezzetli-gunebaxan-yagi-1l-itemid-792f81ee9656391e4ce7ee7e,Möcüzə Kərə Ləzzətli Günəbaxan Yağı 1 l,https://wolt.com/ru/aze/baku/venue/market11/mocuze-kere-lezzetli-gunebaxan-yagi-1-l-itemid-ffe0a20aa012303e07a9dc91,—,,,,,,2 магазина → средняя,"Бренды: Zəka, Ol, импорт — парсить что есть"
60,🫒 Масла,Оливковое,Zeytun yağı,Extra Virgin,500 мл,🟡,Zeytun Bağları Zeytun Yağı Şüşə 0.5l,https://wolt.com/ru/aze/baku/venue/wolt-market-landmark/zeytun-baglari-zeytun-yagi-suse-0-5l-itemid-665ee0e869d96fa14d8e0a80,Zeytun Bağları Zeytun Yağı Şüşə Qabda 500ml,https://wolt.com/ru/aze/baku/venue/bravo-supermarket-globus-centre/zeytun-baglari-zeytun-yagi-suse-qabda-500ml-itemid-d6b9e80e2250e02319d7e4e2,Zeytun Bağları Zeytun Yağı 0.5 l,https://wolt.com/ru/aze/baku/venue/market11/zeytun-baglari-zeytun-yagi-0-5-l-itemid-04be2b8f3a312babb30a5c82,Absheron Olive Garden Extra Virgin Olive Oil 0.5L,https://wolt.com/ru/aze/baku/venue/wolt-market-landmark/absheron-olive-garden-extra-virgin-olive-oil-0-5l-itemid-657c3c319a7e852a52b08d40,Absheron Extra Virgin Zeytun Yağı 0.5l,https://wolt.com/ru/aze/baku/venue/bravo-supermarket-globus-centre/absheron-extra-virgin-zeytun-yagi-0-5l-itemid-383d2e589d3fef76d12928c8,Olive Gardens Zeytun Yağı Extra Virgin S/Q 500ml,https://wolt.com/ru/aze/baku/venue/market11/olive-gardens-zeytun-yagi-extra-virgin-s-q-500ml-itemid-e69cf67ccd380fa78d72bd64,—,,,,,,Поручить,Duru Yağlar раздел
61,🫒 Масла,Кукурузное,Qarğıdalı yağı,Рафинир.,1 л,🟢,Final Qarğıdalı Yağı 1l,https://wolt.com/ru/aze/baku/venue/wolt-market-landmark/final-qargidali-yagi-1l-itemid-62624c61f2781c36a650860f,"Final Qarğıdalı Yağı 1l

",https://wolt.com/ru/aze/baku/venue/bravo-supermarket-globus-centre/final-qargidali-yagi-1l-itemid-a4ca2cff6682fd25f15eff59,"Final Qarğıdalı Yağı 1 l
",https://wolt.com/ru/aze/baku/venue/market11/final-qargidali-yagi-1-l-itemid-960603cddbe4dee28b83fe7b,"Möcüzə Qarğıdalı Yağı 1l
",https://wolt.com/ru/aze/baku/venue/wolt-market-landmark/mocuze-qargidali-yagi-1l-itemid-62624c61f2781c36a650862a,Möcüzə Kərə Ləzzətli Qarğıdalı Yağı 1l,https://wolt.com/ru/aze/baku/venue/bravo-supermarket-globus-centre/mocuze-kere-lezzetli-qargidali-yagi-1l-itemid-e77ed764f5a1ebeac8b9ffcc,"Möcüzə Kərə Ləzzətli Qarğıdalı 1 l
",https://wolt.com/ru/aze/baku/venue/market11/mocuze-kere-lezzetli-qargidali-1-l-itemid-3fcc1d267189583487a72a2a,—,,,,,,Поручить,
62,🫒 Масла,Маргарин,Marqarin,Для выпечки,250 г,🟢,"
",,"Final Marqarin Yağı 250qr
",https://wolt.com/ru/aze/baku/venue/bravo-superstore-genclik-mall/final-marqarin-yagi-250qr-itemid-5fe7df14da8a178b158a288a,Final Bitki Yağı 250 qr,https://wolt.com/ru/aze/baku/venue/market11/final-bitki-yagi-250-qr-itemid-abd754bbff99e18524aed005,Sana Bitki Yağı 250q,https://wolt.com/ru/aze/baku/venue/wolt-market-landmark/sana-bitki-yagi-250q-itemid-665ee0e869d96fa14d8e0ac6,,,,,—,,,,,,Поручить,
63,🫒 Масла,Топлёное,Əridilmiş yağ,Ги,910 г,🟡,"Ana-Bala Əridilmiş Yağ 910q
",https://wolt.com/ru/aze/baku/venue/wolt-market-nasimi/ana-bala-eridilmis-yag-910q-itemid-679747c1c59beb1eed195748,Ana-bala Ghee_0.91 Kg*6,https://wolt.com/ru/aze/baku/venue/bravo-supermarket-globus-centre/ana-bala-ghee-0-91-kg-6-itemid-4362acfebfe1d3de2cea9741,Final Ana Bala Əridilmiş Bitki Yağı 910 qr,https://wolt.com/ru/aze/baku/venue/neptun-supermarket-28/final-ana-bala-eridilmis-bitki-yagi-910-qr-itemid-73b613be536db494f6896195,—,,,,,,—,,,,,,Поручить,
64,🥬 Овощи,Помидоры,Pomidor,Круглые,1 кг,🔴,"Pomidor Salxım kq
",https://wolt.com/ru/aze/baku/venue/wolt-market-nasimi/pomidor-salxim-kq-itemid-679747c0c59beb1eed193d70,Pomidor Salxım kq,https://wolt.com/ru/aze/baku/venue/bravo-supermarket-globus-centre/pomidor-salxim-kq-itemid-a689a6e4b9b2ce310f16f0b4,"Pomidor Salxım kq
",https://wolt.com/ru/aze/baku/venue/neptun-supermarket-28/pomidor-salxim-kq-itemid-4b63d53ec32f8ecd000921be,Bravo (по весу),,,,,,—,,,,,,2 магазина → средняя,Овощи всегда без бренда
65,🥬 Овощи,Огурцы,Xiyar,Свежие,1 кг,🔴,Xiyar Mirit kq,https://wolt.com/ru/aze/baku/venue/wolt-market-nasimi/xiyar-mirit-kq-itemid-679747c0c59beb1eed193d76,"Xiyar Melit 1kq 2393
",https://wolt.com/ru/aze/baku/venue/bravo-supermarket-globus-centre/xiyar-melit-1kq-2393-itemid-783e9ef6c14577539b512fad,"Xiyar Melit kq
",https://wolt.com/ru/aze/baku/venue/neptun-supermarket-28/xiyar-melit-kq-itemid-d346c20c7aa56e22d8ca9b70,Bravo (по весу),,,,,,—,,,,,,2 магазина → средняя,
66,🥬 Овощи,Картофель,Kartof,Обычный,1 кг,🔴,"Kartof 1kq
",https://wolt.com/ru/aze/baku/venue/wolt-market-nasimi/kartof-1kq-itemid-679747c0c59beb1eed193d94,Kartof,https://wolt.com/ru/aze/baku/venue/bravo-supermarket-globus-centre/kartof-itemid-17b329bef21d5a3ac6bda4e4,"Kartof kq
",https://wolt.com/ru/aze/baku/venue/neptun-supermarket-28/kartof-kq-itemid-61004155b95c40fda29da6bd,Bravo (по весу),,,,,,—,,,,,,2 магазина → средняя,
67,🥬 Овощи,Лук,Soğan,Жёлтый,1 кг,🔴,Soğan 1kq,https://wolt.com/ru/aze/baku/venue/wolt-market-nasimi/sogan-1kq-itemid-679747c0c59beb1eed193d96,"Soğan Təzə kq 6760
",https://wolt.com/ru/aze/baku/venue/bravo-supermarket-globus-centre/sogan-teze-kq-6760-itemid-528425f9c61658c9e61ce033,"Soğan Seçmə kq
",https://wolt.com/ru/aze/baku/venue/neptun-supermarket-28/sogan-secme-kq-itemid-4f0b62d31cf9b049b55811d6,Bravo (по весу),,,,,,—,,,,,,2 магазина → средняя,
68,🥬 Овощи,Морковь,Yerkökü,Свежая,1 кг,🟡,"Kök kq
",https://wolt.com/ru/aze/baku/venue/wolt-market-nasimi/kok-kq-itemid-679747c0c59beb1eed193e04,"Kök Yerli 1kq 3046
",https://wolt.com/ru/aze/baku/venue/bravo-supermarket-globus-centre/kok-yerli-1kq-3046-itemid-a0a5b57245cd41d1a2df8992,"Kök kq
",https://wolt.com/ru/aze/baku/venue/neptun-supermarket-28/kok-kq-itemid-bd49cb304f8c10d74468dd99,—,,,,,,—,,,,,,Wolt Market,
69,🥬 Овощи,Перец болг.,Bibər şirin,Зелёный,500 г,🟡,"Bibər Şirin 500q
",https://wolt.com/ru/aze/baku/venue/wolt-market-landmark/biber-sirin-500q-itemid-6286045c2405a24d190fac35,"Bibər İdxal
",https://wolt.com/ru/aze/baku/venue/bravo-supermarket-m-mirqasimov/biber-idxal-itemid-99043a9302324641f3bfdc45,"Bibər Bolqar Şirin
",https://wolt.com/ru/aze/baku/venue/neptun-supermarket-28/biber-bolqar-sirin-itemid-d4093e3a8cd250a27a6fa577,—,,,,,,—,,,,,,Wolt Market,
70,🥬 Овощи,Капуста,Kələm ağ,Белокочанная,1 кг,🟡,"Kələm Dolmalıq ədəd
",https://wolt.com/ru/aze/baku/venue/wolt-market-landmark/kelem-dolmaliq-eded-itemid-6286045c2405a24d190fac2a,"Kələm Ağ kq 2489
",https://wolt.com/ru/aze/baku/venue/bravo-supermarket-m-mirqasimov/kelem-ag-kq-2489-itemid-152fa8c5a319ecef549692e9,"Kələm kq
",https://wolt.com/ru/aze/baku/venue/neptun-supermarket-28/kelem-kq-itemid-e9298e826f1419894b4c54f8,—,,,,,,—,,,,,,Wolt Market,
71,🥬 Овощи,Баклажан,Badımcan,Свежий,1 кг,🟡,"Badımcan Dolma kq
",https://wolt.com/ru/aze/baku/venue/wolt-market-landmark/badimcan-dolma-kq-itemid-6286045c2405a24d190fac33,"Badımcan 1kq 2391
",https://wolt.com/ru/aze/baku/venue/bravo-hypermarket-20-yanvar/badimcan-1kq-2391-itemid-972b0fc36f402ffaf62d2134,"Badımcan kq
",https://wolt.com/ru/aze/baku/venue/neptun-supermarket-3-mkr/badimcan-kq-itemid-b6ba02a51356984a69edbb97,—,,,,,,—,,,,,,Wolt Market,
72,🥬 Овощи,Кабачок,Balqabaq,Свежий,1 кг,🟢,"Balqabaq Borani ədəd
",https://wolt.com/ru/aze/baku/venue/wolt-market-khaglar/balqabaq-borani-eded-itemid-381bd8c33be4afc4a2e3c792,"Balqabaq Mini kq
",https://wolt.com/ru/aze/baku/venue/bravo-hypermarket-20-yanvar/balqabaq-mini-kq-itemid-c4cc608c532b6cce33888459,"Balqabaq kq
",https://wolt.com/ru/aze/baku/venue/neptun-supermarket-28/balqabaq-kq-itemid-89f447b18ebe68dc8c5b9cb5,—,,,,,,—,,,,,,Wolt Market,
73,🥬 Овощи,Свёкла,Çuğundur,Столовая,500 г,🟢,"Çuğundur 500q
",https://wolt.com/ru/aze/baku/venue/wolt-market-khaglar/cugundur-500q-itemid-64c809c939314a3fcfec73bf,"Cuğundur 1kq 2863
",https://wolt.com/ru/aze/baku/venue/bravo-superstore-28-mall/cugundur-1kq-2863-itemid-178af723714417e192a9cd6a,"Çuğundur kq
",https://wolt.com/ru/aze/baku/venue/neptun-supermarket-28/cugundur-kq-itemid-8a2823a58d2df71e3ac9b20c,—,,,,,,—,,,,,,Wolt Market,
74,🥬 Овощи,Чеснок,Sarımsaq,Головки,3 ed (eded),🟡,"Sarımsaq (3 ədəd)

",https://wolt.com/ru/aze/baku/venue/wolt-market-nasimi/sarimsaq-3-eded-itemid-679747c0c59beb1eed193e10,"Sarımsaq Paketlə 1 kq
",https://wolt.com/ru/aze/baku/venue/bravo-superstore-28-mall/sarimsaq-paketle-1-kq-itemid-6abb29bc67116509afe99beb,"MVT Sarımsaq kq
",https://wolt.com/ru/aze/baku/venue/neptun-supermarket-28/mvt-sarimsaq-kq-itemid-78f325a8c442367f3e8a607c,—,,,,,,—,,,,,,Wolt Market,
75,🥬 Овощи,Перец острый,Acı bibər,Зелёный,250 г,🟢,"Bibər Acı 250q
",https://wolt.com/ru/aze/baku/venue/wolt-market-nasimi/biber-aci-250q-itemid-679747c0c59beb1eed193da8,"Bibər Acı 1kq 5438
",https://wolt.com/ru/aze/baku/venue/bravo-superstore-28-mall/biber-aci-1kq-5438-itemid-ebe4c43eb4edc9bb8a299eed,"Bibər Acı kq
",https://wolt.com/ru/aze/baku/venue/neptun-supermarket-28/biber-aci-kq-itemid-4d2bc3aa27b2fadefe5455b6,—,,,,,,—,,,,,,Wolt Market,
76,🥬 Овощи,Редис,Turp,Красная,1 пуч,🟢,"Turp dəstə
",https://wolt.com/ru/aze/baku/venue/wolt-market-nasimi/turp-deste-itemid-679747c0c59beb1eed193dfa,"Turp Qırmızı kq
",https://wolt.com/ru/aze/baku/venue/bravo-superstore-28-mall/turp-qirmizi-kq-itemid-dbbb2bf97781f789b25ef606,"MVT Turp Qırmızı kq
",https://wolt.com/ru/aze/baku/venue/market11/mvt-turp-qirmizi-kq-itemid-4913fee05236c1a45a3a1e90,—,,,,,,—,,,,,,Wolt Market,Сезонный
77,🥬 Овощи,Тыква,Balqabaq şirin,Столовая,1 кг,🟢,—,,,,,,—,,,,,,—,,,,,,Поручить,Сезонный осень
78,🥬 Овощи,Салат,Kahı,Айсберг,1 шт,🟢,"Aysberq Salat ədəd
",https://wolt.com/ru/aze/baku/venue/wolt-market-khaglar/aysberq-salat-eded-itemid-798ab4c0cf0c8968e24f435a,"Kahı Ayzberq 1kq 2726
",https://wolt.com/ru/aze/baku/venue/bravo-superstore-genclik-mall/kahi-ayzberq-1kq-2726-itemid-c300ad6af25657e8469429c8,"Kələm Aysberq kq
",https://wolt.com/ru/aze/baku/venue/market11/kelem-aysberq-kq-itemid-737d62ea8272a667eb33bc0b,—,,,,,,—,,,,,,Wolt Market,
79,🥬 Овощи,Шампиньоны,Göbələk,Свежие,500 г,🟡,"Göbələk 500q
",https://wolt.com/ru/aze/baku/venue/wolt-market-khaglar/gobelek-500q-itemid-81ca08212ccaf5b002d4b1d7,"Göbələk Zirə 500qr
",https://wolt.com/ru/aze/baku/venue/bravo-superstore-genclik-mall/gobelek-zire-500qr-itemid-077e6bcee070b16bf3e30a7e,MVT Zirə Məhsul 500 qr Göbələk Şampinyonlar,https://wolt.com/ru/aze/baku/venue/market11/mvt-zire-mehsul-500-qr-gobelek-sampinyonlar-itemid-7dc1383667d48340aff6d521,—,,,,,,—,,,,,,Wolt Market,
80,🥬 Овощи,Кукуруза,Qarğıdalı,Початок,1 шт,🟢,—,,,,,,—,,,,,,—,,,,,,Поручить,Сезонный лето
81,🥬 Овощи,Имбирь,Zəncəfil,Корень,500 г,🟢,"Zəncəfil 500q
",https://wolt.com/ru/aze/baku/venue/wolt-market-nasimi/zencefil-500q-itemid-679747c0c59beb1eed193e0e,"Zəncəfil 1kq 2547
",https://wolt.com/ru/aze/baku/venue/bravo-superstore-genclik-mall/zencefil-1kq-2547-itemid-e7284286e07146d3a98929f8,"Zəncəfil (İmbir) kq
",https://wolt.com/ru/aze/baku/venue/market11/zencefil-imbir-kq-itemid-3b9eca867f7c562e187995c6,—,,,,,,—,,,,,,Wolt Market,
82,🥬 Овощи,Авокадо,Avokado,Свежий,1 шт,🟢,"Avokado ədəd
",https://wolt.com/ru/aze/baku/venue/wolt-market-nasimi/avokado-eded-itemid-679747c1c59beb1eed194a72,"Avokado kq 2541

",https://wolt.com/ru/aze/baku/venue/bravo-superstore-genclik-mall/avokado-kq-2541-itemid-2cc4bc5f0370e3988ef7da40,"Avokado Ədəd
",https://wolt.com/ru/aze/baku/venue/market11/avokado-eded-itemid-bc481fb53abf5464a13d1888,—,,,,,,—,,,,,,Wolt Market,
83,🌿 Зелень,Кинза,Keşniş,Пучок,1 пуч,🟡,Keşniş dəstə,https://wolt.com/ru/aze/baku/venue/wolt-market-landmark/kesnis-deste-itemid-62f11851ddeed1e00ba7fbc6,"Göyərti Keşniş
",https://wolt.com/ru/aze/baku/venue/bravo-hypermarket-koroglu/goyerti-kesnis-itemid-196f190a56a11469d91095ae,"Göyərti
",https://wolt.com/ru/aze/baku/venue/market11/goyerti-itemid-5a09d4fa5b6ce8b5e24abbf1,—,,,,,,—,,,,,,Wolt Market,
84,🌿 Зелень,Укроп,Şüyüd,Пучок,1 пуч,🟢,Şüyüd dəstə,https://wolt.com/ru/aze/baku/venue/wolt-market-landmark/suyud-deste-itemid-62f11851ddeed1e00ba7fbc7,"Göyərti Şüyüd
",https://wolt.com/ru/aze/baku/venue/bravo-hypermarket-koroglu/goyerti-suyud-itemid-777c98fac0f4ed281e09cd3b,"Göyərti
",https://wolt.com/ru/aze/baku/venue/market11/goyerti-itemid-5a09d4fa5b6ce8b5e24abbf1,—,,,,,,—,,,,,,Wolt Market,
85,🌿 Зелень,Петрушка,Cəfəri,Пучок,1 пуч,🟢,Cəfəri dəstə,https://wolt.com/ru/aze/baku/venue/wolt-market-landmark/ceferi-deste-itemid-62f11851ddeed1e00ba7fbcb,Göyərti (Seçim ilə),https://wolt.com/az/aze/baku/venue/bravo-supermarket-azure/goyerti-secim-ile-itemid-1b299585beadeebd4d3ce4ff,"Göyərti
",https://wolt.com/ru/aze/baku/venue/market11/goyerti-itemid-5a09d4fa5b6ce8b5e24abbf1,—,,,,,,—,,,,,,Wolt Market,
86,🌿 Зелень,Мята,Nanə,Пучок,1 пуч,🟢,Nanə dəstə,https://wolt.com/ru/aze/baku/venue/wolt-market-landmark/nane-deste-itemid-62f11851ddeed1e00ba7fbc9,Göyərti (Seçim ilə),https://wolt.com/az/aze/baku/venue/bravo-supermarket-azure/goyerti-secim-ile-itemid-1b299585beadeebd4d3ce4ff,Göyərti,https://wolt.com/ru/aze/baku/venue/market11/goyerti-itemid-5a09d4fa5b6ce8b5e24abbf1,—,,,,,,—,,,,,,Wolt Market,
87,🌿 Зелень,Рейхан,Reyhan,Пучок,1 пуч,🟢,Wolt Market ReyhanReyhan Qırmızı dəstə,https://wolt.com/ru/aze/baku/venue/wolt-market-landmark/reyhan-qirmizi-deste-itemid-62f11851ddeed1e00ba7fbc5,"Göyərti Reyhan
",https://wolt.com/ru/aze/baku/venue/bravo-hypermarket-koroglu/goyerti-reyhan-itemid-6c933c96d5f4fb9a6926dd9f,Göyərti,https://wolt.com/ru/aze/baku/venue/market11/goyerti-itemid-5a09d4fa5b6ce8b5e24abbf1,—,,,,,,—,,,,,,Wolt Market,
88,🍎 Фрукты,Яблоки,Alma,Местные,1 кг,🔴,"Alma Qala kq
",https://wolt.com/ru/aze/baku/venue/wolt-market-landmark/alma-qala-kq-itemid-632bf3f2854b435da364ddc2,"Alma Qala kq 7200
",https://wolt.com/ru/aze/baku/venue/bravo-superstore-genclik-mall/alma-qala-kq-7200-itemid-ab9456d929238155bb6973d9,"MVT Alma Qala Yerli kq
",https://wolt.com/ru/aze/baku/venue/market11/mvt-alma-qala-yerli-kq-itemid-f44ddd9d2fe620c893c8beba,Bravo (по весу),,,,,,—,,,,,,2 магазина → средняя,
89,🍎 Фрукты,Бананы,Banan,Cavendish,1 кг,🔴,"Banan kq
",https://wolt.com/ru/aze/baku/venue/wolt-market-landmark/banan-kq-itemid-6286045c2405a24d190fac10,"Banan kq 2504
",https://wolt.com/ru/aze/baku/venue/bravo-superstore-genclik-mall/banan-kq-2504-itemid-c782c287e57c3395c4039a8b,"Banan kq
",https://wolt.com/ru/aze/baku/venue/market11/banan-kq-itemid-7301878623223d9fa8e8bb9d,Bravo (по весу),,,,,,—,,,,,,2 магазина → средняя,"Всегда импорт, один вид"
90,🍎 Фрукты,Апельсины,Portağal,Обычные,1 шт,🟡,"Portağal Türk ədəd
",https://wolt.com/ru/aze/baku/venue/wolt-market-landmark/portagal-turk-eded-itemid-643567b686fd57396d2a158f,"Portağal kq
",https://wolt.com/ru/aze/baku/venue/bravo-superstore-genclik-mall/portagal-kq-itemid-1c26deabc5bca187e2b27cc3,"MVT Portağal Türk

",https://wolt.com/ru/aze/baku/venue/neptun-supermarket-khirdalan/mvt-portagal-turk-itemid-b1cf6fd6ad7ae26d3d0676c6,—,,,,,,—,,,,,,Wolt Market,
91,🍎 Фрукты,Лимон,Limon,Обычный,90 г,🟡,"Limon ədəd
",https://wolt.com/ru/aze/baku/venue/wolt-market-landmark/limon-eded-itemid-6286045c2405a24d190fac12,"Limon Afrika kq
",https://wolt.com/ru/aze/baku/venue/bravo-hypermarket-20-yanvar/limon-afrika-kq-itemid-1430a21797ca7f76860dc760,"MVT Limon kq
",https://wolt.com/ru/aze/baku/venue/neptun-supermarket-khirdalan/mvt-limon-kq-itemid-ec461348adba130b28d5b521,—,,,,,,—,,,,,,Wolt Market,
92,🍎 Фрукты,Мандарины,Mandarin,Обычные,1 кг,🟡,"Mandarin kq
",https://wolt.com/ru/aze/baku/venue/wolt-market-nasimi/mandarin-kq-itemid-679747c1c59beb1eed194a92,"Mandarin Murkot
",https://wolt.com/ru/aze/baku/venue/bravo-hypermarket-20-yanvar/mandarin-murkot-itemid-5a30198da0bba81f04de6aaf,"MVT Mandarin Yerli kq
",https://wolt.com/ru/aze/baku/venue/market11/mvt-mandarin-yerli-kq-itemid-413ef91e45d0cb1970b252dc,—,,,,,,—,,,,,,Wolt Market,Сезон ноя-фев
93,🍎 Фрукты,Гранат,Nar,Свежий,1 кг,🔴,"Nar (Göyçay) kq
",https://wolt.com/ru/aze/baku/venue/wolt-market-nasimi/nar-goycay-kq-itemid-679747c1c59beb1eed194a52,"Nar Super kq

",https://wolt.com/ru/aze/baku/venue/bravo-superstore-genclik-mall/nar-super-kq-itemid-4412192d00663e3ddaadadee,"MVT Nar kq
",https://wolt.com/ru/aze/baku/venue/market11/mvt-nar-kq-itemid-9d23b1c834c62bc42ae82d48,Bravo (по весу),,,,,,—,,,,,,2 магазина → средняя,Сезон окт-янв. Вне сезона → пауза
94,🍎 Фрукты,Виноград,Üzüm,Белый,500 г,🟡,"Üzüm Ağ Yerli 500q
",https://wolt.com/ru/aze/baku/venue/wolt-market-nasimi/uzum-ag-yerli-500q-itemid-679746c26076986de641d7c8,товар не представлен,,"Üzüm Ağ kq
",https://wolt.com/ru/aze/baku/venue/neptun-supermarket-28/uzum-ag-kq-itemid-7f2de90cb6ceed8cc7e3356c,—,,,,,,—,,,,,,Wolt Market,Сезонный
95,🍎 Фрукты,Хурма,Xurma,Королёк,1 кг,🟢,Wolt Market (по весу),,,,,,—,,,,,,—,,,,,,Wolt Market,Сезон окт-дек
96,🍎 Фрукты,Груша,Armud,Свежая,1 кг,🟢,"Armud Meşə Gözəli kq
",https://wolt.com/ru/aze/baku/venue/wolt-market-nasimi/armud-mese-gozeli-kq-itemid-679747c1c59beb1eed194a34,"Armud Meşə Gözəli kq 3242
",https://wolt.com/ru/aze/baku/venue/bravo-supermarket-globus-centre/armud-mese-gozeli-kq-3242-itemid-fac1021f932fe2013678d71d,"MVT Armud Bildirçin kq
",https://wolt.com/ru/aze/baku/venue/market11/mvt-armud-bildircin-kq-itemid-9efb1220a38ce06032a92ac0,—,,,,,,—,,,,,,Wolt Market,
97,🍎 Фрукты,Персик,Şaftalı,Свежий,1 кг,🟢,Wolt Market (по весу),,,,,,—,,,,,,—,,,,,,Wolt Market,Лето
98,🍎 Фрукты,Слива,Gavalı,Свежая,1 кг,🟢,—,,,,,,—,,,,,,—,,,,,,Поручить,Сезонный
99,🍎 Фрукты,Клубника,Çiyələk,Свежая,500 г,🟡,"Çiyələk 500q
",https://wolt.com/ru/aze/baku/venue/wolt-market-nasimi/ciyelek-500q-itemid-679747c1c59beb1eed194a68,товар не представлен,,товар не представлен,,—,,,,,,—,,,,,,Wolt Market,Зимой импорт=дорого
100,🍎 Фрукты,Арбуз,Qarpız,Целый,1 кг,🟢,"Qarpız (Braziliya) ədəd
",https://wolt.com/ru/aze/baku/venue/wolt-market-nasimi/qarpiz-braziliya-eded-itemid-f25401e23468dedf269e39ac,товар не представлен,,товар не представлен,,—,,,,,,—,,,,,,Поручить,Лето
101,🍎 Фрукты,Дыня,Yemiş,Целая,1 кг,🟢,—,,,,,,—,,,,,,—,,,,,,Поручить,Лето
102,🍎 Фрукты,Киви,Kivi,Обычный,500 г,🟢,"Kivi 500q
",https://wolt.com/ru/aze/baku/venue/wolt-market-nasimi/kivi-500q-itemid-679747c1c59beb1eed194a70,"Kivi Super kq
",https://wolt.com/ru/aze/baku/venue/bravo-supermarket-globus-centre/kivi-super-kq-itemid-89c292ea174fc5548462655f,"MVT Kivi Super kq
",https://wolt.com/ru/aze/baku/venue/neptun-supermarket-narimanovv/mvt-kivi-super-kq-itemid-adaa06c4dba1beef10910140,—,,,,,,—,,,,,,Wolt Market,
103,🍇 Орехи,Грецкий орех,Qoz,Очищенный,200 г,🟡,"Ləziz Çərəz Qoz Ləpəsi 200q
",https://wolt.com/ru/aze/baku/venue/wolt-market-nasimi/leziz-cerez-qoz-lepesi-200q-itemid-5b74361774c20647b282b073,"Ləziz Çərəz Qoz Ləpəsi 200q
",https://wolt.com/ru/aze/baku/venue/bravo-supermarket-globus-centre/leziz-cerez-qoz-lepesi-200q-itemid-e89653cefd8f372050b15ee7,"Çərəz Qoz Ləpəsi Qırğız VIP kq
",https://wolt.com/ru/aze/baku/venue/neptun-supermarket-ag-sheher/cerez-qoz-lepesi-qirgiz-vip-kq-itemid-85417568c85bf22b83098bd8,—,,,,,,—,,,,,,Поручить,Quru Meyvə или Çərəz
104,🍇 Орехи,Фундук,Fındıq,Очищенный,300 г,🟡,"Ləziz Çərəz Fındıq Ləpəsi 300q
",https://wolt.com/ru/aze/baku/venue/wolt-market-nasimi/leziz-cerez-findiq-lepesi-300q-itemid-679747c1c59beb1eed194f22,Ləziz Çərəz Fındıq Ləpəsi 300q,https://wolt.com/ru/aze/baku/venue/bravo-supermarket-globus-centre/leziz-cerez-findiq-lepesi-300q-itemid-d80ec0cd4b3bb1f701656cbc,"Çərəz Fındıq Ləpə Xaçmaz XS kq
",https://wolt.com/ru/aze/baku/venue/neptun-supermarket-ag-sheher/cerez-findiq-lepe-xacmaz-xs-kq-itemid-d5fdced8ed726dcb0b9d33ce,—,,,,,,—,,,,,,Поручить,АЗ — экспортёр
105,🍇 Орехи,Миндаль,Badam,Очищенный,300 г,🟢,"Ləziz Çərəz Badam Ləpəsi 300q
",https://wolt.com/ru/aze/baku/venue/wolt-market-nasimi/leziz-cerez-badam-lepesi-300q-itemid-679747c1c59beb1eed194f30,"Ləziz Çərəz Badam Ləpəsi 300qr
",https://wolt.com/ru/aze/baku/venue/bravo-supermarket-globus-centre/leziz-cerez-badam-lepesi-300qr-itemid-5bd7e0aa3b71d887cfc14df3,"MVT Badam kq
",https://wolt.com/ru/aze/baku/venue/neptun-supermarket-ag-sheher/mvt-badam-kq-itemid-b4229ab2ae8e4eae0eaa9b1c,—,,,,,,—,,,,,,Поручить,
106,🍇 Орехи,Фисташки,Püstə,Солёные,250 г,🟢,"Ləziz Çərəz Püstə İran 250q
",https://wolt.com/ru/aze/baku/venue/wolt-market-nasimi/leziz-cerez-puste-iran-250q-itemid-679747c1c59beb1eed194f32,"Ləziz Çərəz Püstə İran 250q
",https://wolt.com/ru/aze/baku/venue/bravo-supermarket-globus-centre/leziz-cerez-puste-iran-250q-itemid-f7f2190bde337145c3c8c0a8,"Çərəz Püstə İran N-11 Əhmədağayi kq
",https://wolt.com/ru/aze/baku/venue/neptun-supermarket-ag-sheher/cerez-puste-iran-n-11-ehmedagayi-kq-itemid-d25d6de78d10794a1c92f45c,—,,,,,,—,,,,,,Поручить,
107,🍇 Орехи,Курага,Quru ərik,Сушёная,350 г,🟢,"Ləziz Çərəz Sarı Ərik Qurusu 350q
",https://wolt.com/ru/aze/baku/venue/wolt-market-nasimi/leziz-cerez-sari-erik-qurusu-350q-itemid-679747c1c59beb1eed194f1c,"Ləziz Çərəz Ərik Sarı 350qr
",https://wolt.com/ru/aze/baku/venue/bravo-supermarket-globus-centre/leziz-cerez-erik-sari-350qr-itemid-0277c33455c1d1c9f7fc0bff,"Cer. Ərik Qurusu Turk N-1 kq
",https://wolt.com/ru/aze/baku/venue/neptun-supermarket-ag-sheher/cer-erik-qurusu-turk-n-1-kq-itemid-12bd479a9e39b4f6c8e7c65a,—,,,,,,—,,,,,,Поручить,
108,🍇 Орехи,Изюм,Kişmiş,Кишмиш,300 г,🟡,"Ləziz Çərəz Kişmiş Sarı 300q
",https://wolt.com/ru/aze/baku/venue/wolt-market-nasimi/leziz-cerez-kismis-sari-300q-itemid-679747c1c59beb1eed194f24,"Ləziz Çərəz Kişmiş Sarı 300q
",https://wolt.com/ru/aze/baku/venue/bravo-supermarket-globus-centre/leziz-cerez-kismis-sari-300q-itemid-c7f1bca9983538c13fd9febf,"Çərəz Kişmiş Sarı İran N-1 kq
",https://wolt.com/ru/aze/baku/venue/neptun-supermarket-ag-sheher/cerez-kismis-sari-iran-n-1-kq-itemid-b70c7381fa37b43f2cc5cee8,—,,,,,,—,,,,,,Поручить,
109,🍇 Орехи,Финики,Xurma quru,Сушёные,350 г,🟢,"Ləziz Çərəz Xurma İran 350q
",https://wolt.com/ru/aze/baku/venue/wolt-market-nasimi/leziz-cerez-xurma-iran-350q-itemid-50aa7e7661362fbbaf47081d,"Leziz Çərəz Xurma Iran 350qr
",https://wolt.com/ru/aze/baku/venue/bravo-supermarket-globus-centre/leziz-cerez-xurma-iran-350qr-itemid-fbdf311bd474b84c7c96b2a5,"Xurma Nurlan İran kq
",https://wolt.com/ru/aze/baku/venue/market11/xurma-nurlan-iran-kq-itemid-c8ef2d5c3d2cd0485a5da0ef,"Ləziz Çərəz Xurma Mədinə 350q
",https://wolt.com/ru/aze/baku/venue/wolt-market-nasimi/leziz-cerez-xurma-medine-350q-itemid-679747c1c59beb1eed194f2a,Leziz Çərəz Xurma Medine 350qr,https://wolt.com/ru/aze/baku/venue/bravo-supermarket-globus-centre/leziz-cerez-xurma-medine-350qr-itemid-6ac56a0c43a192b969d25a73,"Çərəz Xurma Medine kq
",https://wolt.com/ru/aze/baku/venue/market11/cerez-xurma-medine-kq-itemid-a46491e9e49d1d90d2e537fc,—,,,,,,Поручить,
110,🍇 Орехи,Чернослив,Quru gavalı,Сушёный,350 г,🟢,"Ləziz Çərəz Qara Gavalı 350q
",https://wolt.com/ru/aze/baku/venue/wolt-market-nasimi/leziz-cerez-qara-gavali-350q-itemid-e92a0305658f5e87dabfba96,"Ləziz Çərəz Qara Gavalı 350q
",https://wolt.com/ru/aze/baku/venue/bravo-supermarket-globus-centre/leziz-cerez-qara-gavali-350q-itemid-cb69053bfc004c5c3fb5b554,Çərəz Gavalı Yerli N-4 Tumsuz kq,https://wolt.com/ru/aze/baku/venue/market11/cerez-gavali-yerli-n-4-tumsuz-kq-itemid-d9418d2a365c71b6734042df,—,,,,,,—,,,,,,Поручить,
111,🍇 Орехи,Семечки,Günəbaxan tumu,Жареные,100 г,🟢,"Çiko Duzlu Qara İldırım 100q
",https://wolt.com/ru/aze/baku/venue/wolt-market-nasimi/ciko-duzlu-qara-ildirim-100q-itemid-679747c1c59beb1eed194f66,Ciko Duzlu Ildirim Günəbaxan Tumu 100qr,https://wolt.com/ru/aze/baku/venue/bravo-supermarket-globus-centre/ciko-duzlu-ildirim-gunebaxan-tumu-100qr-itemid-cb521bea658591930cb2acef,Çiko Qara Günəbaxan Tumu 100 qr,https://wolt.com/ru/aze/baku/venue/market11/ciko-qara-gunebaxan-tumu-100-qr-itemid-8e62dca86bdb35e435a7f8d6,—,,,,,,—,,,,,,Поручить,
112,🍇 Орехи,Лавашана,Lavashana,Фрукт. пастила,200 г,🟢,—,,,,,,—,,,,,,—,,,,,,Поручить,ABAD Məhsulları раздел
113,🧂 Бакалея,Сахар,Şəkər,Белый песок,800 г,🔴,"Richmond Şəkər Tozu 800q
",https://wolt.com/ru/aze/baku/venue/wolt-market-nasimi/richmond-seker-tozu-800q-itemid-679747c0c59beb1eed1939ea,"Richmond Şəkər Tozu 800qr
",https://wolt.com/ru/aze/baku/venue/bravo-supermarket-globus-centre/richmond-seker-tozu-800qr-itemid-2af4e6efac7ffc7f7b57c24d,"Richmond Şəkər Tozu 800 qr
",https://wolt.com/ru/aze/baku/venue/market11/richmond-seker-tozu-800-qr-itemid-39ec3078ec543790098636ab,"AzərŞəkər Şəkər Tozu 700q
",https://wolt.com/ru/aze/baku/venue/wolt-market-nasimi/azerseker-seker-tozu-700q-itemid-679747c0c59beb1eed1939da,"Azərşəkər Toz Şəkər 700qr
",https://wolt.com/ru/aze/baku/venue/bravo-supermarket-globus-centre/azerseker-toz-seker-700qr-itemid-59f5a9d57c6d11e10b7371eb,"Azər Şəkər 700 qr Şəkər Tozu
",https://wolt.com/ru/aze/baku/venue/market11/azer-seker-700-qr-seker-tozu-itemid-35a003e45294d0f9e8ef9e57,—,,,,,,2 магазина → средняя,Без бренда
114,🧂 Бакалея,Соль,Duz,Поваренная,1 кг,🟢,"Salute Xörək Duzu 1kq
",https://wolt.com/ru/aze/baku/venue/wolt-market-landmark/salute-xorek-duzu-1kq-itemid-9231bd9b22cc7c1b91500b72,"Salute Xörək Duzu 1kq Qutuda
",https://wolt.com/ru/aze/baku/venue/bravo-supermarket-globus-centre/salute-xorek-duzu-1kq-qutuda-itemid-0278b67d9448f52713f1babe,"Salute Xörək Duzu 1 kq
",https://wolt.com/ru/aze/baku/venue/market11/salute-xorek-duzu-1-kq-itemid-19595127d0f5383dd8376ca8,—,,,,,,—,,,,,,Wolt Market,
115,🧂 Бакалея,Чай чёрный,Çay,Чёрный,100 г,🔴,"Azərçay Buket 100q
",https://wolt.com/ru/aze/baku/venue/wolt-market-landmark/azercay-buket-100q-itemid-6262469525df9c8a7a9406d6,"Azərçay Buket 100qr Qutu
",https://wolt.com/ru/aze/baku/venue/bravo-supermarket-globus-centre/azercay-buket-100qr-qutu-itemid-813b03695283fe2bae91026f,"Azər Çay Buket Çay Qutu 100 qr
",https://wolt.com/ru/aze/baku/venue/market11/azer-cay-buket-cay-qutu-100-qr-itemid-7a947ecd2a3680a22bf2f0d7,"Berqa Qara Çay 100q
",https://wolt.com/ru/aze/baku/venue/wolt-market-landmark/berqa-qara-cay-100q-itemid-656d8ef0d50bd8754db31277,Berqa Breakfast Qara Çay 100qr Qutuda,https://wolt.com/ru/aze/baku/venue/bravo-supermarket-globus-centre/berqa-breakfast-qara-cay-100qr-qutuda-itemid-9d31ee50bb925ce01a7469e8,Berqa English Breakfast Qara Çay 100 qr,https://wolt.com/ru/aze/baku/venue/market11/berqa-english-breakfast-qara-cay-100-qr-itemid-f192d9fa6bc4860944a45b40,—,,,,,,Wolt Market,"Azersun=62%, Beta=32% рынка. 2 бренда = весь рынок"
116,🧂 Бакалея,Чай зелёный,Yaşıl çay,Листовой,100 г,🟢,"Azərçay Yaşıl Çay 100q
",https://wolt.com/ru/aze/baku/venue/wolt-market-landmark/azercay-yasil-cay-100q-itemid-656d8ef0d50bd8754db3126c,"Azərçay Yaşıl Çay 100 qr Qutu
",https://wolt.com/ru/aze/baku/venue/bravo-supermarket-globus-centre/azercay-yasil-cay-100-qr-qutu-itemid-bf130703cdf1e0219f23ac2d,"Azər Çay Yaşıl Çay 100 qr
",https://wolt.com/ru/aze/baku/venue/market11/azer-cay-yasil-cay-100-qr-itemid-e892bb70446fc834e7f1a979,"Berqa Yaşıl Çay Jasmin 100q
",https://wolt.com/ru/aze/baku/venue/wolt-market-landmark/berqa-yasil-cay-jasmin-100q-itemid-677be061881fc5b647187ae1,Berqa Jasminli Yaşıl Çay 100qr Qutuda,https://wolt.com/ru/aze/baku/venue/bravo-supermarket-globus-centre/berqa-jasminli-yasil-cay-100qr-qutuda-itemid-ff69faa0031a40efc5a150b9,Berqa 100 qr English Breakfast Yaşıl Çay Yasəmən,https://wolt.com/ru/aze/baku/venue/market11/berqa-100-qr-english-breakfast-yasil-cay-yasemen-itemid-427a274273a4176cebc27700,—,,,,,,Wolt Market,
117,🧂 Бакалея,Перец чёрный,Qara istiot,Молотый,35 г,🟡,Nid İstiot Qara (Üyüdülmüş) 35q,https://wolt.com/ru/aze/baku/venue/wolt-market-landmark/nid-istiot-qara-uyudulmus-35q-itemid-6256ed4fffbe6ff53afcbd1e,"Nid İstiot Qara Üyüdülmüş 35qr
",https://wolt.com/ru/aze/baku/venue/bravo-supermarket-globus-centre/nid-istiot-qara-uyudulmus-35qr-itemid-0dfa9cd49777cedcfd298193,Nid 40 qr Ədviyyat Qara İstiot Paket,https://wolt.com/ru/aze/baku/venue/neptun-supermarket-hazi/nid-40-qr-edviyyat-qara-istiot-paket-itemid-e3cd3941be940c6138807228,—,,,,,,—,,,,,,Поручить,Ədviyyatlar раздел
118,🧂 Бакалея,Куркума,Sarıkök,Молотая,40 г,🟢,"Nid Sarıkök (Paket) 40q
",https://wolt.com/ru/aze/baku/venue/wolt-market-nasimi/nid-sarikok-paket-40q-itemid-679747c1c59beb1eed194be4,"Nid Sarıkök Paketdə 40qr
",https://wolt.com/ru/aze/baku/venue/bravo-hypermarket-20-yanvar/nid-sarikok-paketde-40qr-itemid-899221c82f741047be68f6f3,"Nid Sarıkök 40 Gr
",https://wolt.com/ru/aze/baku/venue/neptun-8-mkr/nid-sarikok-40-gr-itemid-3f793417da1b4cde521912cb,—,,,,,,—,,,,,,Поручить,
119,🧂 Бакалея,Шафран,Zəfəran,Молотый,1 г,🟡,"Nid Zəfəran 1q
",https://wolt.com/ru/aze/baku/venue/wolt-market-nasimi/nid-zeferan-1q-itemid-679747c1c59beb1eed194b72,"Nid Zəfəran Üyüdülmüş 1qr
",https://wolt.com/ru/aze/baku/venue/bravo-hypermarket-20-yanvar/nid-zeferan-uyudulmus-1qr-itemid-b16360c6c02ca8025a9b2548,Nid 3 qr Ədviyyat Zəfəran Paket,https://wolt.com/ru/aze/baku/venue/neptun-8-mkr/nid-3-qr-edviyyat-zeferan-paket-itemid-850f1b7b94d876719c8ab602,—,,,,,,—,,,,,,Поручить,Дорогой товар
120,🧂 Бакалея,Уксус,Sirkə,Яблочный,500 мл,🟢,Kervan Suntat Alma Si̇rkəsi̇ 500ml,https://wolt.com/ru/aze/baku/venue/wolt-market-landmark/itemid-64526e424727e2bfe49b0458,"Saville Alma Sirkəsi 500ml
",https://wolt.com/ru/aze/baku/venue/bravo-hypermarket-20-yanvar/saville-alma-sirkesi-500ml-itemid-6dbc72e1ebe7186c752b7cbb,"Saville Alma Sirkəsi 500 ml
",https://wolt.com/ru/aze/baku/venue/neptun-8-mkr/saville-alma-sirkesi-500-ml-itemid-4c3e598e5f91cf42352b47f4,—,,,,,,—,,,,,,Поручить,
121,🧂 Бакалея,Мёд,Bal,Цветочный,470 г,🟡,"Saf Bal Təbii Çiçək Balı Şüşə 470q
",https://wolt.com/ru/aze/baku/venue/wolt-market-landmark/saf-bal-tebii-cicek-bali-suse-470q-itemid-62726942f74850bd6ec7ddcc,Saf Bal Təbii Çiçək Balı Şüşə 470qr,https://wolt.com/ru/aze/baku/venue/bravo-hypermarket-20-yanvar/saf-bal-tebii-cicek-bali-suse-470qr-itemid-8a42015eeee25667aa3f701a,Heybə İsmayıllı-Şamaxı Çiçək Balı 500qr,https://wolt.com/ru/aze/baku/venue/neptun-supermarket-ag-sheher/heybe-ismayilli-samaxi-cicek-bali-500qr-itemid-436fbb7fd0e31975918e4efd,—,,,,,,—,,,,,,Поручить,"Bal, Cem раздел"
122,🧂 Бакалея,Сумах,Sumaq,Молотый,40 г,🟢,"Nid Sumaq 40q
",https://wolt.com/ru/aze/baku/venue/wolt-market-landmark/nid-sumaq-40q-itemid-6256ed4fffbe6ff53afcbd3c,"Nid Sumax 40qr
",https://wolt.com/ru/aze/baku/venue/bravo-superstore-28-mall/nid-sumax-40qr-itemid-86824c7b1832af55c90dd896,Nid 40 qr Ədviyyat Sumaq Paket,https://wolt.com/ru/aze/baku/venue/neptun-supermarket-28/nid-40-qr-edviyyat-sumaq-paket-itemid-15f91061f5c0ecbf3b85d052,—,,,,,,—,,,,,,Поручить,
123,🧂 Бакалея,Кофе,Qəhvə,Растворимый,95 г,🟡,Jacobs Monarch Həll Olunan Qəhvə Şüşə 95qJacobs Monarch Həll Olunan Qəhvə Şüşə 95q,https://wolt.com/ru/aze/baku/venue/wolt-market-nasimi/jacobs-monarch-hell-olunan-qehve-suse-95q-itemid-679747c1c59beb1eed1951c8,Jacobs Monarch Həll Olunan Qəhvə 95qr Şüşə 8714599512128,https://wolt.com/ru/aze/baku/venue/bravo-superstore-28-mall/jacobs-monarch-hell-olunan-qehve-95qr-suse-8714599512128-itemid-26809a9549b5d25768d44c41,"Jacobs Monarch Qəhvə 95 qr
",https://wolt.com/ru/aze/baku/venue/market11/jacobs-monarch-qehve-95-qr-itemid-4c29b61484b546d0017aac5c,"Nescafe Gold Şüşə 95q
",https://wolt.com/ru/aze/baku/venue/wolt-market-nasimi/nescafe-gold-suse-95q-itemid-679747c1c59beb1eed1951bc,Nestle Nescafe Gold Qəhvə 95qr Şüşədə 46204813,https://wolt.com/ru/aze/baku/venue/bravo-superstore-28-mall/nestle-nescafe-gold-qehve-95qr-susede-46204813-itemid-37907f2dea61d815c0400d6c,"Nescafe Kofe Gold Yeni 95 qr
",https://wolt.com/ru/aze/baku/venue/market11/nescafe-kofe-gold-yeni-95-qr-itemid-f6f5a89877e5d1340adf0c61,—,,,,,,Wolt Market,Глобальный бенчмарк
124,🥫 Консервы,Томатная паста,Tomat pastası,,720 г,🟡,"Bizim Tarla Tomat Pastası 720q
",https://wolt.com/ru/aze/baku/venue/wolt-market-nasimi/bizim-tarla-tomat-pastasi-720q-itemid-d94bac1addbcfc56f469a885,"Bizim Tarla Tomat Pastası 720qr
",https://wolt.com/ru/aze/baku/venue/bravo-superstore-28-mall/bizim-tarla-tomat-pastasi-720qr-itemid-37859750575368b9bc26b047,Bizim Tarla Tomat Pastası 720 qr,https://wolt.com/ru/aze/baku/venue/neptun-supermarket-khirdalan/bizim-tarla-tomat-pastasi-720-qr-itemid-8703109392a5022c0045cad1,"Final Tomat Pastası 720q
",https://wolt.com/ru/aze/baku/venue/wolt-market-landmark/final-tomat-pastasi-720q-itemid-665ee0e869d96fa14d8e0aac,"Final Tomat Pastası 720qr
",https://wolt.com/ru/aze/baku/venue/bravo-superstore-28-mall/final-tomat-pastasi-720qr-itemid-c0513677100d6cfbf7868793,"Final Tomat Pastası 700 qr
",https://wolt.com/ru/aze/baku/venue/neptun-supermarket-khirdalan/final-tomat-pastasi-700-qr-itemid-51c5e775b5f41ea284c2ea17,—,,,,,,Поручить,Souslar раздел
125,🥫 Консервы,Кетчуп,Ketçup,Томатный,540 г,🟢,Bizim Süfrə Ketçup Klassik 540q,https://wolt.com/ru/aze/baku/venue/wolt-market-nasimi/bizim-sufre-ketcup-klassik-540q-itemid-679747c1c59beb1eed194aca,Bizim Süfrə Ketçup Klassik 540qr,https://wolt.com/ru/aze/baku/venue/bravo-superstore-28-mall/bizim-sufre-ketcup-klassik-540qr-itemid-e182d73cfa502c7a0b1df422,"Bizim Süfrə Ketçup Klassik 540 qr
",https://wolt.com/ru/aze/baku/venue/neptun-supermarket-khirdalan/bizim-sufre-ketcup-klassik-540-qr-itemid-70d545747dc0b1fcda8ab43b,—,,,,,,—,,,,,,Wolt Market,Глобальный бенчмарк
126,🥫 Консервы,Майонез,Mayonez,67%,500 мл,🟡,Bizim Süfrə Mayonez 55% Şüşə 500ml,https://wolt.com/ru/aze/baku/venue/wolt-market-nasimi/bizim-sufre-mayonez-55-suse-500ml-itemid-679747c1c59beb1eed194af8,Bizim Süfrə Mayonez 55% 500ml Şüşədə,https://wolt.com/ru/aze/baku/venue/bravo-superstore-28-mall/bizim-sufre-mayonez-55-500ml-susede-itemid-640af1bdb091518a60918495,Bizim Süfrə Mayonez 55% 500 ml,https://wolt.com/ru/aze/baku/venue/neptun-supermarket-khirdalan/bizim-sufre-mayonez-55-500-ml-itemid-924470b8413c17e79098942c,"Meçta Xozayki Mayonez Klassik 480ml
",https://wolt.com/ru/aze/baku/venue/wolt-market-nasimi/mecta-xozayki-mayonez-klassik-480ml-itemid-73b97c42dfc04deb29764b83,Mechta Xozayki Klassik Mayonez 480ml,https://wolt.com/ru/aze/baku/venue/bravo-superstore-28-mall/mechta-xozayki-klassik-mayonez-480ml-itemid-699f9cb1bd401aa0aadf6d0d,Meçta Xozyayki Mayonez Klassik 480 ml,https://wolt.com/ru/aze/baku/venue/market11/mecta-xozyayki-mayonez-klassik-480-ml-itemid-bcc582dacb49ab1cfaf775ee,—,,,,,,Wolt Market,Лидер рынка АЗ
127,🥫 Консервы,Горчица,Xardal,Столовая,100 г,🟢,"Tsarskiy Stolnik Xardal 100q
",https://wolt.com/ru/aze/baku/venue/wolt-market-nasimi/tsarskiy-stolnik-xardal-100q-itemid-679747c1c59beb1eed194b64,"Tsarskiy Stolnik Xardal 100 G
",https://wolt.com/ru/aze/baku/venue/bravo-superstore-28-mall/tsarskiy-stolnik-xardal-100-g-itemid-d034fbb4000c024637a5666b,"Çarskiy Stolnik Rus Xardalı 100 qr
",https://wolt.com/ru/aze/baku/venue/neptun-supermarket-28/carskiy-stolnik-rus-xardali-100-qr-itemid-07a9925699082d3bc3298b67,—,,,,,,—,,,,,,Поручить,
128,🥫 Консервы,Маслины,Zeytun qara,Чёрные б/к,370 г,🟡,Absheron Olive Garden Zeytun Qara Tumlu Duzlu Su 370q,https://wolt.com/ru/aze/baku/venue/wolt-market-nasimi/absheron-olive-garden-zeytun-qara-tumlu-duzlu-su-370q-itemid-679747c0c59beb1eed194120,Absheron Tumsuz Qara Zeytun 370qr,https://wolt.com/ru/aze/baku/venue/bravo-superstore-28-mall/absheron-tumsuz-qara-zeytun-370qr-itemid-2a6fd1f0725cb4dcf9c4f368,Olive Gardens Qara Zeytun Tumusuz S/Q 370qr,https://wolt.com/ru/aze/baku/venue/neptun-supermarket-28/olive-gardens-qara-zeytun-tumusuz-s-q-370qr-itemid-3b775f5a58abc0eba3f82607,—,,,,,,—,,,,,,Поручить,
129,🥫 Консервы,Горошек конс.,Noxud konserv,Зелёный,700 г,🟢,"Bostan Yaşıl Noxud 700q

",https://wolt.com/ru/aze/baku/venue/wolt-market-nasimi/bostan-yasil-noxud-700q-itemid-679747c0c59beb1eed19416a,"Bostan Yaşıl Noxud 700qr
",https://wolt.com/ru/aze/baku/venue/bravo-supermarket-globus-centre/bostan-yasil-noxud-700qr-itemid-382eb854f1e8a6d7ed70adf8,Bostan Yaşıl Noxud Konservi 700 qr,https://wolt.com/ru/aze/baku/venue/neptun-supermarket-28/bostan-yasil-noxud-konservi-700-qr-itemid-4dcccd67f232e912d3f22991,"Bizim Tarla Yaşıl Noxud 660q
",https://wolt.com/ru/aze/baku/venue/wolt-market-nasimi/bizim-tarla-yasil-noxud-660q-itemid-679747c0c59beb1eed194166,"Bizim Tarla Yaşıl Noxud 660qr
",https://wolt.com/ru/aze/baku/venue/bravo-supermarket-globus-centre/bizim-tarla-yasil-noxud-660qr-itemid-96f2d881a4d577fe385dceaf,Bizim Tarla Yaşıl Noxud Konservi 680 qr,https://wolt.com/ru/aze/baku/venue/neptun-supermarket-28/bizim-tarla-yasil-noxud-konservi-680-qr-itemid-9d1aaf4f4ae1660eba671082,—,,,,,,Поручить,
130,🥫 Консервы,Кукуруза конс.,Qarğıdalı konserv,Сладкая,340 г,🟢,"Final Qarğıdalı Dənələri 340q
",https://wolt.com/ru/aze/baku/venue/wolt-market-nasimi/final-qargidali-deneleri-340q-itemid-68a86ee853efb308c261b7d7,"Final Qarğıdalı Dənələri 340gr
",https://wolt.com/ru/aze/baku/venue/bravo-supermarket-globus-centre/final-qargidali-deneleri-340gr-itemid-b568f3b60dde9b49a2110940,Final 340q Şirin Qarğıdalı (Dəmir Qabda),https://wolt.com/ru/aze/baku/venue/neptun-supermarket-28/final-340q-sirin-qargidali-demir-qabda-itemid-f1666fc9ae07af697ba3f9cc,"Bonduelle Şirin Qarğıdalı 340q
",https://wolt.com/ru/aze/baku/venue/wolt-market-nasimi/bonduelle-sirin-qargidali-340q-itemid-679747c0c59beb1eed19418a,"Bonduelle Kukuruz Sirin 340qr Tnk
",https://wolt.com/ru/aze/baku/venue/bravo-hypermarket-20-yanvar/bonduelle-kukuruz-sirin-340qr-tnk-itemid-a624ab93bb066379dbb126ce,,,—,,,,,,Поручить,
131,🥫 Консервы,Наршараб,Nar şərabi,Гранатовый,345 мл,🟡,"Bizim Tarla Narşərab 345q
",https://wolt.com/ru/aze/baku/venue/wolt-market-nasimi/bizim-tarla-narserab-345q-itemid-ed513270fcf7ec1cb36d292f,"Bizim Tarla Narşərab 345qr
",https://wolt.com/ru/aze/baku/venue/bravo-hypermarket-20-yanvar/bizim-tarla-narserab-345qr-itemid-ca31cf90b2155974a9054471,"Bizim Tarla Narşərab 345qr
",https://wolt.com/ru/aze/baku/venue/neptun-supermarket-khirdalan/bizim-tarla-narserab-345qr-itemid-0348259e454dfb21318bbb8a,—,,,,,,—,,,,,,Поручить,ABAD или Souslar
132,🧊 Заморозка,Дюшбара,Düşbərə,Замороженная,400 г,🟡,"ABAD Evsayağı Düşbərə 400q
",https://wolt.com/ru/aze/baku/venue/wolt-market-nasimi/abad-evsayagi-dusbere-400q-itemid-687a0c2b331879873bd2e7b8,"Abad Ev Sayağı Düşbərə 400qr
",https://wolt.com/ru/aze/baku/venue/bravo-hypermarket-koroglu/abad-ev-sayagi-dusbere-400qr-itemid-d99c6bb762c6f7337abeef50,,,—,,,,,,—,,,,,,Поручить,Donmuş Qida раздел
133,🧊 Заморозка,Овощная смесь,Dondurulmuş tərəvəz,Гавайская,400 г,🟢,—,,,,,,—,,,,,,—,,,,,,Поручить,
134,🧊 Заморозка,Мороженое,Dondurma,Пломбир,500 мл,🟡,Delisimo Şokoladlı Plombir 500ml,https://wolt.com/ru/aze/baku/venue/wolt-market-nasimi/delisimo-sokoladli-plombir-500ml-itemid-679747c0c59beb1eed19389,"Delisimo Plombir Şokolad
",https://wolt.com/ru/aze/baku/venue/bravo-hypermarket-koroglu/delisimo-plombir-sokolad-itemid-35b2f87d34db4e8b4fd6387e,,,—,,Bakinskiy Plombirir Celato Plombirir 500qr,https://wolt.com/ru/aze/baku/venue/bravo-hypermarket-koroglu/bakinskiy-plombirir-celato-plombirir-500qr-itemid-9c68f33e5d78d39e03c78d5e,Dondurma Iceland 500 qr Plombir Vanilli 15%,https://wolt.com/ru/aze/baku/venue/market11/dondurma-iceland-500-qr-plombir-vanilli-15-itemid-4d5d23fa806a022840776b9d,—,,,,,,Поручить,Dondurma раздел
135,🧊 Заморозка,Тесто слоёное,Xəmir,Замороженное,500 г,🟢,Superfresh Milfoy Donmuş Xəmir 500q,https://wolt.com/ru/aze/baku/venue/wolt-market-nasimi/superfresh-milfoy-donmus-xemir-500q-itemid-679747c1c59beb1eed194e2c,"Superfresh Mille-feuille 500qr
",https://wolt.com/ru/aze/baku/venue/bravo-hypermarket-koroglu/superfresh-mille-feuille-500qr-itemid-7503fa28215daa849e2ff865,Super Fresh 500 qr Milfey Xəmiri Paket,https://wolt.com/ru/aze/baku/venue/neptun-supermarket-ag-sheher/super-fresh-500-qr-milfey-xemiri-paket-itemid-bc88597573c00b81707478e4,—,,,,,,—,,,,,,Поручить,
136,🍖 Колбасы,Сосиски,Sosiska,Молочные,450 г,🟡,"Sevimli Dad""Moloçnıye""Sosis 450q",https://wolt.com/ru/aze/baku/venue/wolt-market-landmark/sevimli-dad-molocniye-sosis-450q-itemid-62bc54cc42113be306e7a3a9,Sevimli Dad Sosis Molocniy Qab 558,https://wolt.com/ru/aze/baku/venue/bravo-supermarket-globus-centre/sevimli-dad-sosis-molocniy-qab-558-itemid-9d7428e12c343c28d927db76,"Sosiska Sevimli Dad Südlü kq
",https://wolt.com/ru/aze/baku/venue/market11/sosiska-sevimli-dad-sudlu-kq-itemid-7953d70abc4d5fd46f91677d,"Çerkizovo Südlü Sosiska 450q
",https://wolt.com/ru/aze/baku/venue/wolt-market-landmark/cerkizovo-sudlu-sosiska-450q-itemid-665ee0e869d96fa14d8e0abe,"Cerk Sos Molocnie Lotok 450 Qr
",https://wolt.com/ru/aze/baku/venue/bravo-supermarket-globus-centre/cerk-sos-molocnie-lotok-450-qr-itemid-3593f341fcdc75823973b2cf,"Çerkizovo Sosiski Molocniye Po-Çerkizovski 450 qr
",https://wolt.com/ru/aze/baku/venue/market11/cerkizovo-sosiski-molocniye-po-cerkizovski-450-qr-itemid-0bd99bf5f4a78513b219e94e,—,,,,,,Поручить,"Sosis, Kolbasa раздел"
137,🍖 Колбасы,Колбаса варёная,Kolbasa,Докторская,420 г,🟡,SAB Doktorskaya Kolbasası 420q,https://wolt.com/ru/aze/baku/venue/wolt-market-landmark/sab-doktorskaya-kolbasasi-420q-itemid-687e1497648a713e9224b572,Sab Doktorskaya Bişmiş Kolbasa 1kq 1821,https://wolt.com/ru/aze/baku/venue/bravo-supermarket-globus-centre/sab-doktorskaya-bismis-kolbasa-1kq-1821-itemid-95a7d24386324a3eb315b101,"Kolbasa Sab Doktorskaya kq
",https://wolt.com/ru/aze/baku/venue/market11/kolbasa-sab-doktorskaya-kq-itemid-4dce565348de18e9616cf47e,—,,,,,,—,,,,,,Поручить,
138,🍖 Колбасы,Колбаса копч.,Kolbasa hisə,Сервелат,600 г,🟢,"Sevimli Dad""Zernistaya""Servelat 600q
",https://wolt.com/ru/aze/baku/venue/wolt-market-landmark/sevimli-dad-zernistaya-servelat-600q-itemid-62bc54cc42113be306e7a3a7,Sevimli Dad Zernistaya Servelat 1kq 597,https://wolt.com/ru/aze/baku/venue/bravo-supermarket-globus-centre/sevimli-dad-zernistaya-servelat-1kq-597-itemid-c56bd6b3620166b73d005033,Kolbasa Sevimli Dad Zernistaya kq,https://wolt.com/ru/aze/baku/venue/market11/kolbasa-sevimli-dad-zernistaya-kq-itemid-b75e451f9cf7b04c1b69db2f,—,,,,,,—,,,,,,Поручить,
139,🍖 Колбасы,Суджук,Sucuq,Сыровяленая,225 г,🟡,"Pınar Klassiq Sucuk 225q
",https://wolt.com/ru/aze/baku/venue/wolt-market-landmark/pinar-klassiq-sucuk-225q-itemid-6602ecd4a9267230eff64553,Pinar Sucuk Klasik Kangal Kolbasa 225qr,https://wolt.com/ru/aze/baku/venue/bravo-supermarket-globus-centre/pinar-sucuk-klasik-kangal-kolbasa-225qr-itemid-dd97e0ab95123c999e640268,Pınar 225 qr Klassik Fermente Sucuk,https://wolt.com/ru/aze/baku/venue/market11/pinar-225-qr-klassik-fermente-sucuk-itemid-353f1634817e5cfad397fdbf,—,,,,,,—,,,,,,Поручить,
140,🍬 Сладости,Шоколад,Şokolad,Молочный 100г,80 г,🟡,"Milka Südlü Şokolad 80q
",https://wolt.com/ru/aze/baku/venue/wolt-market-nasimi/milka-sudlu-sokolad-80q-itemid-679746c26076986de641d70e,"Milka Südlü Şokolad 90qr
",https://wolt.com/ru/aze/baku/venue/bravo-supermarket-globus-centre/milka-sudlu-sokolad-90qr-itemid-1b68610abf8a8b874cb996f0,Milka Şokolad Südlü Plitka 90 qr,https://wolt.com/ru/aze/baku/venue/market11/milka-sokolad-sudlu-plitka-90-qr-itemid-d131dee7131cef78223a7887,"Alpen Gold Şüdlü Şokolad 80q
",https://wolt.com/ru/aze/baku/venue/wolt-market-nasimi/alpen-gold-sudlu-sokolad-80q-itemid-679747c0c59beb1eed1946ae,"Alpen Gold Südlü Şokolad 85qr
",https://wolt.com/ru/aze/baku/venue/bravo-supermarket-globus-centre/alpen-gold-sudlu-sokolad-85qr-itemid-b55acbeafd7b3f0367853b4b,Alpen Gold Şokolad Südlü Plitka 90 qr,https://wolt.com/ru/aze/baku/venue/market11/alpen-gold-sokolad-sudlu-plitka-90-qr-itemid-38b2d232946ca4982ae45824,—,,,,,,Wolt Market,Şirniyyatlar раздел
141,🍬 Сладости,Халва,Halva,Подсолнечная,350 г,🟢,—,,"Azovskaya Orijinal Günəbaxan Halvası 350qr
",https://wolt.com/ru/aze/baku/venue/bravo-supermarket-globus-centre/azovskaya-orijinal-gunebaxan-halvasi-350qr-itemid-534816ba50319b73aacca3fd,Azovskaya 350 qr Halva Günəbaxan,https://wolt.com/ru/aze/baku/venue/market11/azovskaya-350-qr-halva-gunebaxan-itemid-ba0c20f77b02267711ffcc64,—,,,,,,—,,,,,,Поручить,
142,🍬 Сладости,Варенье,Mürəbbə,Клубничное,400 г,🟢,Bizim Tarla Çiyələk Mürəbbəsi 400q,https://wolt.com/ru/aze/baku/venue/wolt-market-nasimi/bizim-tarla-ciyelek-murebbesi-400q-itemid-679747c0c59beb1eed193a76,Bizim Tarla Çiyələk Mürəbbəsi 400qr,https://wolt.com/ru/aze/baku/venue/bravo-supermarket-globus-centre/bizim-tarla-ciyelek-murebbesi-400qr-itemid-5101ca553ca8eced80327729,Bizim Tarla Çiyələk Mürəbbəsi 400 qr,https://wolt.com/ru/aze/baku/venue/market11/bizim-tarla-ciyelek-murebbesi-400-qr-itemid-4df95c5cbe8afe3b1f52dfbe,—,,,,,,—,,,,,,Поручить,"Bal, Cem раздел"
143,🍬 Сладости,Печенье,Peçenye,Сахарное,224 г,🟢,Yubileynoye Ənənəvi Peçenye 224q,https://wolt.com/ru/aze/baku/venue/wolt-market-nasimi/yubileynoye-enenevi-pecenye-224q-itemid-50905d46ead120ae70fe6713,"Yubileynoye Peçenye 224qr
",https://wolt.com/ru/aze/baku/venue/bravo-supermarket-globus-centre/yubileynoye-pecenye-224qr-itemid-b37ace764d13783f3e0b50a1,"Yubileynoye Peçenye 224qr
",https://wolt.com/ru/aze/baku/venue/market11/yubileynoye-pecenye-224qr-itemid-ead10d06107d6ce1c1127dbb,—,,,,,,—,,,,,,Поручить,
144,🥤 Напитки,Вода,Su,Без газа,1 л,🔴,"Sirab Qazsız Su 1l
",https://wolt.com/ru/aze/baku/venue/wolt-market-nasimi/sirab-qazsiz-su-1l-itemid-679747c0c59beb1eed194434,Sirab Qazsız Su 1l,https://wolt.com/ru/aze/baku/venue/bravo-supermarket-globus-centre/sirab-qazsiz-su-1l-itemid-95625c57b540792ab7cf83d1,"Sirab Qazsız 1 l
",https://wolt.com/ru/aze/baku/venue/market11/sirab-qazsiz-1-l-itemid-d4f0251374d75a35a6dbe22c,Shollar Su 1.5L,,,,,,—,,,,,,Wolt Market,Sirab + Shollar = 2 крупнейших бренда АЗ
145,🥤 Напитки,Минералка,Mineral su,Газированная,500 мл,🟡,"Sirab Qazlı Su 0.5l
",https://wolt.com/ru/aze/baku/venue/wolt-market-nasimi/sirab-qazli-su-0-5l-itemid-679747c0c59beb1eed194432,"Sirab Qazlı Su 500ml
",https://wolt.com/ru/aze/baku/venue/bravo-supermarket-globus-centre/sirab-qazli-su-500ml-itemid-dbe377522ee3f5b5f3382390,"Sirab Qazlı Su 500 ml
",https://wolt.com/ru/aze/baku/venue/market11/sirab-qazli-su-500-ml-itemid-911dc832d2c26fa0948b12ea,—,,,,,,—,,,,,,Wolt Market,
146,🥤 Напитки,Coca-Cola,Coca-Cola,,1 л,🟡,Coca-Cola 1L,https://wolt.com/ru/aze/baku/venue/wolt-market-nasimi/itemid-679747c0c59beb1eed1945a6,"Coca-cola 1l
",https://wolt.com/ru/aze/baku/venue/bravo-supermarket-globus-centre/coca-cola-1l-itemid-a5258e1487a040415bcc7a81,"Coca-Cola 1 l
",https://wolt.com/ru/aze/baku/venue/market11/coca-cola-1-l-itemid-01bf1f42cb0a67f251dc7b13,—,,,,,,—,,,,,,Wolt Market,Глобальный бенчмарк. Цена единая
147,🥤 Напитки,Сок,Şirə,Яблочный,1 л,🟡,Jalə Yaşıl Alma Şirəsi 1l,https://wolt.com/ru/aze/baku/venue/wolt-market-nasimi/jale-yasil-alma-siresi-1l-itemid-679747c0c59beb1eed1944aa,"Jalə Prizma Alma Şirəsi 1l
",https://wolt.com/ru/aze/baku/venue/bravo-supermarket-globus-centre/jale-prizma-alma-siresi-1l-itemid-bb2636889cc3739b9e979974,Jalə Prizma Alma Meyvə Şirəsi 1 L,https://wolt.com/ru/aze/baku/venue/neptun-supermarket-ag-sheher/jale-prizma-alma-meyve-siresi-1-l-itemid-2df89ec2e03f4f7c2fdce0f2,Rich Alma 1L,,,,,,—,,,,,,Wolt Market,Jale (AzNAR) — крупнейший производитель
148,🥤 Напитки,Компот,Şərbət,Фабричный,1 л,🟢,—,,,,,,—,,,,,,—,,,,,,Поручить,
149,🥤 Напитки,Пиво местное,Pivə,Xırdalan,500 мл,🟡,"Xırdalan Original şüşə 0.5L
",https://wolt.com/ru/aze/baku/venue/wolt-market-nasimi/itemid-679747c0c59beb1eed193b94,"Xırdalan Pivə Şüşədə 500ml
",https://wolt.com/ru/aze/baku/venue/bravo-supermarket-globus-centre/xirdalan-pive-susede-500ml-itemid-0cb1c34e8f14c34e01125fca,"Xırdalan Lager Pivə 500 ml
",https://wolt.com/ru/aze/baku/venue/neptun-supermarket-ag-sheher/xirdalan-lager-pive-500-ml-itemid-d49592975fba67b1f1525007,NZS 0.5L,,,,,,—,,,,,,Wolt Market,Xırdalan + NZS = два главных пивных бренда АЗ
150,🥤 Напитки,Энергетик,Enerji içkisi,,250 мл,🟢,Red Bull 250ml,https://wolt.com/ru/aze/baku/venue/wolt-market-nasimi/itemid-679747c0c59beb1eed193820,Red Bull Enerji İçkisi 250ml 90162602,https://wolt.com/ru/aze/baku/venue/bravo-supermarket-globus-centre/itemid-7ce7dc1bd4aa32885b21f9bb,"Red Bull Energy Drink 250 ml
",https://wolt.com/ru/aze/baku/venue/market11/red-bull-energy-drink-250-ml-itemid-8587997dc22ece91aa3fbc41,—,,,,,,—,,,,,,Wolt Market,
151,🍼 Детское,Детская смесь,Uşaq qatışığı,0-6 мес,400 г,🔴,Nan 1 Hipoalergen Körpə Südü 400q,https://wolt.com/ru/aze/baku/venue/wolt-market-nasimi/nan-1-hipoalergen-korpe-sudu-400q-itemid-679746c26076986de641dcb0,"Nestle Nan ""Optipro"" 1 Qarışığı (0-6 ) Db 400gr",https://wolt.com/ru/aze/baku/venue/bravo-supermarket-globus-centre/nestle-nan-optipro-1-qarisigi-0-6-db-400gr-itemid-682c185a30c7985368147b93,товар не представлен,,Similac 1 400q,,,,,,—,,,,,,Wolt Market,NAN + Similac = два лидера. Крайне важный товар
152,🍼 Детское,Детское пюре,Uşaq püresi,Фруктовое,90 г,🟡,Aquşa Alma Banan Peçenye Püresi 6ay+ 90q,https://wolt.com/ru/aze/baku/venue/wolt-market-nasimi/aqusa-alma-banan-pecenye-puresi-6ay-90q-itemid-679747c1c59beb1eed195852,"Aquşa Alma, Banan və Kurabiyə Puresi 6+ Aydan 90qr",https://wolt.com/ru/aze/baku/venue/bravo-supermarket-globus-centre/aqusa-alma-banan-ve-kurabiye-puresi-6-aydan-90qr-itemid-51dd223a26bf6548210957c0,,,—,,,,,,—,,,,,,Поручить,Körpələr Üçün раздел
153,🍼 Детское,Подгузники,Uşaq bezi,40 шт,40 шт,🔴,Molfix Uşaq bezi 40əd,,,,,,Huggies 40əd,,,,,,—,,,,,,Wolt Market,Molfix — массовый. Huggies — премиум. Средняя
154,🧹 Хозтовары,Ср-во д/посуды,Qab yuyucu,Fairy,1 л,🟡,"Fairy Qabyuyan Maye Limon 1l
",https://wolt.com/ru/aze/baku/venue/wolt-market-nasimi/fairy-qabyuyan-maye-limon-1l-itemid-8f7dc8574ed32ddf7c38619d,Fairy Qabyuyan Maye Limon Ətirli 1l,https://wolt.com/ru/aze/baku/venue/bravo-supermarket-globus-centre/fairy-qabyuyan-maye-limon-etirli-1l-itemid-53738f87cde5315fa7cff839,Fairy 900 ml Qabyuyan Maye Şirəli Limon,https://wolt.com/ru/aze/baku/venue/neptun-supermarket-ag-sheher/fairy-900-ml-qabyuyan-maye-sireli-limon-itemid-22ffc2a6a927c5895c1cf913,—,,,,,,—,,,,,,Wolt Market,Глобальный бенчмарк
155,🧹 Хозтовары,Стир. порошок,Yuyucu toz,Ariel,3 кг,🟡,"Ariel LS Ağ Qızılgül 3kq
",https://wolt.com/ru/aze/baku/venue/wolt-market-nasimi/ariel-ls-ag-qizilgul-3kq-itemid-679747c0c59beb1eed19377a,"Ariel Ağ Paltarlar üçün 3kq
",https://wolt.com/ru/aze/baku/venue/bravo-supermarket-globus-centre/ariel-ag-paltarlar-ucun-3kq-itemid-a6c1a2a8bbea5060b4e514d8,Ariel 3kq Yuyucu Toz Automat White,https://wolt.com/ru/aze/baku/venue/neptun-supermarket-ag-sheher/ariel-3kq-yuyucu-toz-automat-white-itemid-4621a8d6aa49a5e239b2ebb0,—,,,,,,—,,,,,,Wolt Market,Глобальный бенчмарк
156,🧹 Хозтовары,Туал. бумага,Tualet kağızı,4 рулона,4 шт,🟢,Aura Tualet Kağızı Parfumlu 4 Rulon,https://wolt.com/ru/aze/baku/venue/wolt-market-nasimi/aura-tualet-kagizi-parfumlu-4-rulon-itemid-679747c0c59beb1eed194224,Aura Tualet Kağızı Perfumed 4əd,https://wolt.com/ru/aze/baku/venue/bravo-supermarket-globus-centre/aura-tualet-kagizi-perfumed-4ed-itemid-335ec6b47efdcf390c0ff768,Aura Tualet Kağızı 3 Qat Ətirli 4lu,https://wolt.com/ru/aze/baku/venue/neptun-supermarket-ag-sheher/aura-tualet-kagizi-3-qat-etirli-4lu-itemid-e2e743e7c7de6a307ef3627a,Papia Tualet Kagızı 3 Qat 4 Rulon,https://wolt.com/ru/aze/baku/venue/wolt-market-nasimi/papia-tualet-kagizi-3-qat-4-rulon-itemid-679747c0c59beb1eed194216,Papia Tualet Kağızı 3 Qat 4əd Secret Garden,https://wolt.com/ru/aze/baku/venue/bravo-supermarket-globus-centre/papia-tualet-kagizi-3-qat-4ed-secret-garden-itemid-d611ec41a76ac3fb789d8079,Papia Tualet Kağızı Sekret 4-lu 3qat,https://wolt.com/ru/aze/baku/venue/neptun-supermarket-ag-sheher/papia-tualet-kagizi-sekret-4-lu-3qat-itemid-0b7800d1ea98f6bac0ba0c70,—,,,,,,Поручить,
157,🧹 Хозтовары,Зубная паста,Diş pastası,Colgate,75 мл,🟢,Colgate Max White Purple Reveal Diş Məcunu 75ml,https://wolt.com/ru/aze/baku/venue/wolt-market-nasimi/colgate-max-white-purple-reveal-dis-mecunu-75ml-itemid-443a126c806c9f8cf3698710,Colgate Diş Məcunu Max White Purple Reveal,https://wolt.com/ru/aze/baku/venue/bravo-supermarket-globus-centre/colgate-dis-mecunu-max-white-purple-reveal-itemid-fefb44b0c5e336fefd96c145,Colgate Maw White Purple Reveal Diş Məcunu 75 ml,https://wolt.com/ru/aze/baku/venue/neptun-supermarket-ag-sheher/colgate-maw-white-purple-reveal-dis-mecunu-75-ml-itemid-ee9ae471c74e4b28aec48cc5,—,,,,,,—,,,,,,Wolt Market,
158,🧹 Хозтовары,Шампунь,Şampun,H&S,400 мл,🟢,Head&Shoulders Şampun Sitrus 400ml,https://wolt.com/ru/aze/baku/venue/wolt-market-nasimi/head-shoulders-sampun-sitrus-400ml-itemid-679747c0c59beb1eed193782,Head&Shoulders Saç üçün Şampun Sitrus Ətirli 400ml,https://wolt.com/ru/aze/baku/venue/bravo-supermarket-globus-centre/head-shoulders-sac-ucun-sampun-sitrus-etirli-400ml-itemid-e18a7da43136c437cd785194,"Head&Shoulders Citrus Fresh Şampun 360 ml
",https://wolt.com/ru/aze/baku/venue/neptun-supermarket-ag-sheher/head-shoulders-citrus-fresh-sampun-360-ml-itemid-625fa2e5a697b360210c4f4a,—,,,,,,—,,,,,,Wolt Market,
,,,,,,,,,,,,,,,,,,,,,,,,,,
,,,,,,,,,,,,,,,,,,,,,,,,,,
ИТОГО: 158 продуктов | 2-3 источника: 33 | 1 источник: 53 | Поручить сотруднику: 72,,,,,,,,,,,,,,,,,,,,,,,,,,
