Kateqoriya,Məhsul,Unit,Links {JSON}
Молочные,Süd,1 л,"[""https://wolt.com/ru/aze/baku/venue/wolt-market-landmark/milla-sud-2-5-1l-itemid-63976d638d6c90e366944bd2?search=milla%20"", ""https://wolt.com/ru/aze/baku/venue/bravo-supermarket-bulbul-ave/milla-sud-2-5-1l-itemid-20629858952ab961630b3bc4?search=milla"", ""https://wolt.com/ru/aze/baku/venue/neptun-supermarket-28/milla-sud-2-5-1-l-itemid-6c5a4119294630a350d22688?search=milla"", ""Azərsüd Süd 2.4 % 1lt | Wolt Market Landmark | Wolt"", ""Azərsüd Süd 2.4% 1l | Bravo Supermarket Bulbul ave. | Wolt"", ""Azər Süd 1lt Süd 2.4% Paket | Neptun Supermarket 28 May | Wolt"", ""https://wolt.com/ru/aze/baku/venue/wolt-market-landmark/atena-sud-2-4-1lt-itemid-67d18228f5a00f0fb1b13547"", ""https://wolt.com/ru/aze/baku/venue/bravo-supermarket-city-park-mall/atena-uht-sud-2-4-itemid-9df1e497b82351aa8aa97375?search=sud"", ""https://wolt.com/ru/aze/baku/venue/neptun-supermarket-ag-sheher/atena-sud-2-4-1-l-itemid-4885430808eaab8fce27ac2a?search=atena%20sud""]"
Молочные,Kefir,0.75 л,"[""не представлен"", ""https://wolt.com/ru/aze/baku/venue/bravo-tahir-97/milla-kefir-750ml-itemid-892a6eb6157e13d5c1028414?search=milla%20kefir"", ""не представлен"", ""Atena Kefir 2% 1lt | Wolt Market Landmark | Wolt"", ""Atena Kefir 2.0% Yağlı 1l | Bravo Supermarket Bulbul ave. | Wolt"", ""не представлен""]"
Молочные,Qatıq,500 г,"[""https://wolt.com/ru/aze/baku/venue/wolt-market-landmark/atena-qatiq-1-5-500q-itemid-67d18228f5a00f0fb1b13569?search=atena%20"", ""https://wolt.com/ru/aze/baku/venue/bravo-superstore-28-mall/homogenize-qatiq-atena-1-5-500qr-itemid-4acfdcb4840124fcf182c03d?search=qatiq"", ""не представлен"", ""Milla Qatıq 1.5% 450q | Wolt Market Landmark | Wolt"", ""Milla Qatıq 1.5% 500qr | Bravo Supermarket Bulbul ave. | Wolt"", ""Milla Qatıq 1.5% 500 qr | Neptun Supermarket 28 May | Wolt""]"
Молочные,Ayran,1 л,"[""https://wolt.com/ru/aze/baku/venue/wolt-market-landmark/atena-ayran-1-4-1l-itemid-62750f995c2ff361236ff0c1?search=atena"", ""https://wolt.com/ru/aze/baku/venue/bravo-superstore-28-mall/atena-ayran-1-4-1l-itemid-c91f6a1544e4c505da587f1f?search=atena"", ""https://wolt.com/ru/aze/baku/venue/neptun-supermarket-narimanovv/atena-ayran-1-l-itemid-53722fa0987465aae121ea6e?search=ayran"", ""Milla Ayran 1l | Wolt Market Landmark | Wolt"", ""Milla Ayran 1l | Bravo Supermarket Bulbul ave. | Wolt"", ""Milla Ayran 1 l | Neptun Supermarket 28 May | Wolt""]"
Молочные,Xama,175 г,"[""https://wolt.com/ru/aze/baku/venue/wolt-market-landmark/milla-xama-20-175q-itemid-63976d638d6c90e366944bca?search=xama"", ""https://wolt.com/ru/aze/baku/venue/bravo-superstore-28-mall/milla-xama-20-175qr-itemid-b97e85a8791ec391a72bf57c?search=milla+xama"", ""https://wolt.com/ru/aze/baku/venue/market11/milla-xama-20-175-qr-itemid-4ae60ee81f6785497442a23f?search=milla+xama"", ""https://wolt.com/ru/aze/baku/venue/wolt-market-nasimi/dr-milk-xama-kaunasskaya-20-200q-itemid-679747c0c59beb1eed193ea8?search=xama"", ""https://wolt.com/ru/aze/baku/venue/bravo-supermarket-globus-centre/dr-milk-xama-kaunasskaya-20-200qr-itemid-118c563933ff8c194c2f2718?search=xama"", ""https://wolt.com/ru/aze/baku/venue/market11/dr-milk-xama-20-kaunasskaya-200-qr-itemid-5b966f9db165b41bd0496e98?search=xama""]"
Молочные,Kəsmk,180 г,"[""https://wolt.com/ru/aze/baku/venue/wolt-market-nasimi/azersud-kesmik-0-5-180q-itemid-72d3b2982b36dfa332f1dedc?search=%D1%82%D0%B2%D0%BE%D1%80%D0%BE%D0%B3"", ""https://wolt.com/ru/aze/baku/venue/bravo-supermarket-globus-centre/azersud-kesmik-0-5-180qr-itemid-77fc8f2f343c6b0520de1487?search=k%C9%99smik"", ""https://wolt.com/ru/aze/baku/venue/neptun-supermarket-narimanovv/azersud-kesmik-pehriz-0-5-180-qr-itemid-a97eddd0d910fc6ea65a7d5e?search=k%C9%99smik"", ""https://wolt.com/ru/aze/baku/venue/wolt-market-nasimi/dr-milk-kesmik-dietik-0-3-180q-itemid-679747c0c59beb1eed193f36?search=k%C9%99smik"", ""https://wolt.com/ru/aze/baku/venue/bravo-supermarket-rifah-plaza/dr-milk-kesmik-dietik-0-3-180qr-itemid-d2e6af24972028304f7cb6d1?search=k%C9%99smik"", ""https://wolt.com/ru/aze/baku/venue/neptun-supermarket-ag-sheher/dr-milk-kesmik-0-dietik-180-qr-itemid-13a7192967fbcc7f2090dec7?search=k%C9%99smik""]"
Молочные,Pendir ağ,500 г,"[""https://wolt.com/ru/aze/baku/venue/wolt-market-nasimi/atena-ag-pendir-500q-itemid-67d1818152b48cdf85a25881?search=atena"", ""https://wolt.com/ru/aze/baku/venue/bravo-superstore-28-mall/atena-beyaz-pendir-500qr-itemid-0511cedd6b012886ede31ba4?search=atena"", ""https://wolt.com/ru/aze/baku/venue/neptun-supermarket-ag-sheher/atena-ag-pendir-500-qr-itemid-c9cc169cc9944c88939f7409?search=atena"", ""https://wolt.com/ru/aze/baku/venue/wolt-market-nasimi/mpro-canax-pendiri-500q-itemid-679747c1c59beb1eed194fca?search=pendir+ag"", ""https://wolt.com/ru/aze/baku/venue/bravo-superstore-28-mall/goycay-canax-pendiro-500qr-itemid-7409d5f6725105f6a4c3a9e4?search=pendir"", ""https://wolt.com/ru/aze/baku/venue/neptun-supermarket-ag-sheher/goycay-canaq-pendiri-500-qr-itemid-d2d8d0fb14523ad50fa7745c?search=ag+pendir+""]"
Молочные,Suluguni,250 г,"[""https://wolt.com/ru/aze/baku/venue/wolt-market-nasimi/azersud-sacaq-pendiri-250q-itemid-7e18a245dfab84680a29085d?search=sa%C3%A7aq+pendir"", ""https://wolt.com/ru/aze/baku/venue/bravo-superstore-28-mall/azersud-sacaq-pendir-250qr-itemid-a7db544c0fb29032177d74b3?search=sa%C3%A7aq+pendir"", ""https://wolt.com/ru/aze/baku/venue/neptun-supermarket-ag-sheher/azersud-sacaq-pendir-250qr-itemid-1df698953be801d98aa422f3?search=sa%C3%A7a+pendir""]"
Молочные,Bərk pendir,1 кг,[]
Молочные,Kərə yağı,1 кг,"[""https://wolt.com/ru/aze/baku/venue/wolt-market-nasimi/azersud-kere-yagi-83-yagliliq-1kg-itemid-679747c1c59beb1eed195016?search=k%C9%99r%C9%99+"", ""https://wolt.com/ru/aze/baku/venue/bravo-superstore-28-mall/azersud-kere-yagi-1kq-itemid-57132260ea623d94bbdd04b5?search=k%C9%99r%C9%99+ya"", ""https://wolt.com/ru/aze/baku/venue/neptun-supermarket-narimanovv/azer-sud-kere-yagi-83-1-kq-itemid-389fc3a530533bf7ed377f92?search=k%C9%99r%C9%99+ya"", ""не представлен"", ""https://wolt.com/ru/aze/baku/venue/bravo-superstore-28-mall/milla-kere-yagi-itemid-03e694aa866aab79d5a81e34?search=k%C9%99r%C9%99+ya"", ""https://wolt.com/ru/aze/baku/venue/neptun-supermarket-narimanovv/milla-kere-yagi-82-paket-2x500-gr-itemid-e9cf85a1e6912d8ad5669698?search=k%C9%99r%C9%99+ya""]"
Молочные,Qatılaşdırılmış süd,370 г,"[""https://wolt.com/ru/aze/baku/venue/wolt-market-landmark/qustiyar-ruslada-sekerli-8-5-qatilasdirilmis-sud-370q-itemid-e286faf330d384efc12d2b96?search=Qat%C4%B1la%C5%9Fd%C4%B1r%C4%B1lm%C4%B1%C5%9F+s%C3%BCd"", ""https://wolt.com/ru/aze/baku/venue/bravo-hypermarket-20-yanvar/russkiy-qost-qatilasdirilmis-sud-370q"", ""https://wolt.com/ru/aze/baku/venue/neptun-supermarket-narimanovv/ruslada-qatilasdirilmis-sud-8-5-370-qr-itemid-bd34582588b6359d84f89519?search=Qat%C4%B1la%C5%9Fd%C4%B1r%C4%B1lm%C4%B1%C5%9F+s%C3%BCd""]"
Молочные,Qaymaq,200 q,"[""https://wolt.com/ru/aze/baku/venue/wolt-market-landmark/azersud-qaymaq-200q-itemid-6262498152f6ddc8877e0877?search=qaymaq"", ""https://wolt.com/ru/aze/baku/venue/bravo-hypermarket-20-yanvar/azersud-qaymaq-200qr-itemid-182231908d2d3f15162ba915?search=qaymaq"", ""https://wolt.com/ru/aze/baku/venue/neptun-supermarket-narimanovv/azer-sud-qaymaq-26-200-qr-itemid-8afb04d99fcfbbfe5ed8a47f?search=qaymaq"", ""https://wolt.com/ru/aze/baku/venue/wolt-market-landmark/milla-qaymaq-26-200q-itemid-6583ff1fa67f37ebe6b04fc6?search=qaymaq"", ""https://wolt.com/ru/aze/baku/venue/bravo-hypermarket-20-yanvar/milla-qaymaq-26-200qr-itemid-5c1aa83679715e0970d5d0c5?search=qaymaq"", ""https://wolt.com/ru/aze/baku/venue/neptun-supermarket-narimanovv/milla-qaymaq-200-qr-itemid-faecd9f049de14e9a71c9e19?search=qaymaq""]"
Молочные,Əriyən pendir,400 г,"[""https://wolt.com/ru/aze/baku/venue/wolt-market-landmark/hochland-pendir-400q-itemid-627512d829e7ba8316d273b2?search=Hochland"", ""https://wolt.com/ru/aze/baku/venue/bravo-hypermarket-20-yanvar/hochland-pendiri-fatty-400qr-itemid-35a2a4d5745a5f58e07884d7?search=Hochland"", ""https://wolt.com/ru/aze/baku/venue/neptun-supermarket-narimanovv/hochland-400-qr-pendir-qaymaqli-plastik-qabda-itemid-2f8fb1b44e6c92f7b2fca553?search=Hochland"", ""https://wolt.com/ru/aze/baku/venue/wolt-market-landmark/viola-eridilmis-pendir-400q-itemid-625e7121de5118ebeeaf4142"", ""https://wolt.com/ru/aze/baku/venue/bravo-hypermarket-20-yanvar/viola-eridilmis-pendir-400qr-itemid-3590f988906dcc76514db051"", ""https://wolt.com/ru/aze/baku/venue/neptun-supermarket-3-mkr/viola-400-qr-eridilmis-pendir-qaymaqli-plastik-qabda-itemid-b513cbf3751c4a52a57265e4?search=viola""]"
Молочные,İçməli yoqurt,270 мл,"[""https://wolt.com/ru/aze/baku/venue/wolt-market-landmark/milla-yoqurt-icmeli-gilemeyve-270ml-itemid-63976d638d6c90e366944c03?search=yogurt"", ""https://wolt.com/ru/aze/baku/venue/bravo-hypermarket-20-yanvar/itemid-f881eab4a6d3dadbd6fca690?search=yogurt+milla"", ""https://wolt.com/ru/aze/baku/venue/neptun-supermarket-3-mkr/milla-270-ml-icmeli-yoqurt-gilemeyve-plastik-qabda-itemid-f758122bf9d1ec7564cedbda?search=yogurt"", ""https://wolt.com/ru/aze/baku/venue/wolt-market-landmark/alpenland-icmeli-yoqurt-saftali-marakuya-1-2-290q-itemid-67d18228f5a00f0fb1b135ad?search=yogurt"", ""https://wolt.com/ru/aze/baku/venue/bravo-hypermarket-20-yanvar/alpenland-yoqurt-saftali-marakuya-290qr-itemid-43c0513f1ee6c7804eaa990a?search=yogurt"", ""https://wolt.com/ru/aze/baku/venue/neptun-supermarket-3-mkr/alpenland-yoqurt-1-2-saftali-marakuya-290-qr-itemid-615858416e4e4ff57d2c57f4?search=yogurt+alpen""]"
Хлеб,Ağ çörək,400 г,"[""https://wolt.com/ru/aze/baku/venue/wolt-market-nasimi/no1-corek-zavodu-xususi-baton-400q-itemid-679747c0c59beb1eed193e22?search=%C3%A7%C3%B6r%C9%99k"", ""https://wolt.com/ru/aze/baku/venue/bravo-hypermarket-koroglu/n1-xususi-baton-400qr-itemid-02e57eae51ee2b5fc4883152?search=%C3%A7%C3%B6r%C9%99k""]"
Хлеб,Lavaş,1 шт,[]
Хлеб,Təndir çörəyi,1 шт,"[""https://wolt.com/ru/aze/baku/venue/market11/gence-tendir-kicik-yumru-ag-itemid-8e3203e882e9ac5db44d9c5e?search=t%C9%99ndir"", ""https://wolt.com/ru/aze/baku/venue/market11/gence-tendir-kicik-yumru-ag-itemid-8e3203e882e9ac5db44d9c5e?search=t%C9%99ndir""]"
Хлеб,Qara çörək,400 г,"[""https://wolt.com/ru/aze/baku/venue/wolt-market-yasamal/no1-corek-zavodu-borodin-coreyi-400q-itemid-6426b5cad6ef8edc2b2a2e4b"", ""https://wolt.com/ru/aze/baku/venue/bravo-supermarket-azure/n1-borodin-corek-400qr-itemid-bfe215faad78c05406445d32"", ""https://wolt.com/ru/aze/baku/venue/market11/n1-zavod-400-qr-borodin-coreyi-itemid-4220cebee69bdfb31ff7b88a"", ""https://wolt.com/ru/aze/baku/venue/wolt-market-yasamal/ivanovka-borodino-covdar-coreyi-600q-itemid-67ab3398a6e65e5d5dcb2562"", ""https://wolt.com/ru/aze/baku/venue/bravo-supermarket-azure/ivanovka-borodin-covdar-coreyi-600qr-itemid-aead5d3cc4a64ab8393886cc"", ""https://wolt.com/ru/aze/baku/venue/market11/corek-ivanovka-600-qr-borodinskiy-itemid-760fcbd0f469fcb9f85d8e8d""]"
Хлеб,Yuxa,1 шт,[]
Хлеб,Baget,1 шт,[]
Хлеб,Qaleta,100 г,"[""https://wolt.com/ru/aze/baku/venue/wolt-market-khaglar/xlebtsi-molodsi-covdarli-100q-itemid-329cd2955b945cd93919fc7d"", ""https://wolt.com/ru/aze/baku/venue/bravo-supermarket-babek-pr-ti-2004/xlebtsi-molodtsi-covdarli-100qr-itemid-37a7226ef91aa9d95dcbd44f"", ""https://wolt.com/ru/aze/baku/venue/neptun-supermarket-narimanovv/xlebsi-molodci-covdar-100-qr-itemid-e4151151fe30f3fc57ce2132"", ""https://wolt.com/ru/aze/baku/venue/wolt-market-khaglar/dr-korner-qargidali-ve-duyu-karamelli-xlebtsi-90q-itemid-6718448026b216c86553dae8"", ""https://wolt.com/ru/aze/baku/venue/bravo-supermarket-babek-pr-ti-2004/drkorner-xlebci-qargidali-ve-duyulu-karamel-90g-itemid-de4842a2c224bd418626d0db"", ""https://wolt.com/ru/aze/baku/venue/neptun-supermarket-narimanovv/dr-korner-qargidali-ve-duyu-karamelli-xlebtsi-90q-itemid-5749cbbfa62068a63ec2793f""]"
Крупы,Düyü,1 кг,"[""https://wolt.com/ru/aze/baku/venue/wolt-market-khaglar/sultan-basmati-duyusu-1kq-itemid-2b2fc87fb3d3051b3e5bb1c7"", ""https://wolt.com/ru/aze/baku/venue/bravo-supermarket-babek-pr-ti-2004/sultan-basmati-duyu-1kq-itemid-5d86a908d72026a7a6a9daec"", ""https://wolt.com/ru/aze/baku/venue/neptun-supermarket-narimanovv/sultan-basmati-duyu-1-kq-itemid-f0bdf4f995fa1ee75d47b913"", ""https://wolt.com/ru/aze/baku/venue/wolt-market-khaglar/richmond-uzun-duyu-800q-itemid-4d71c79fbbe41a3be4a4939f"", ""https://wolt.com/ru/aze/baku/venue/bravo-supermarket-babek-pr-ti-2004/richmond-uzun-duyu-800-g-itemid-83c5d957f9c65dfde653be96"", ""https://wolt.com/ru/aze/baku/venue/neptun-supermarket-narimanovv/richmond-duyu-uzun-800-qr-itemid-3a0f16e6d17abdad4a67672e""]"
Крупы,Qarabaşaq,800 г ,"[""https://wolt.com/ru/aze/baku/venue/wolt-market-khaglar/richmond-qarabasaq-800q-itemid-0b49ad530bc2bcfc769fdd8b"", ""https://wolt.com/ru/aze/baku/venue/bravo-supermarket-babek-pr-ti-2004/richmond-qarabasaq-800qr-itemid-6e3cdd371f400ae4ac90e426"", ""https://wolt.com/ru/aze/baku/venue/neptun-supermarket-narimanovv/richmond-qarabasaq-800-qr-itemid-dce569d91bcb14031948523c"", ""https://wolt.com/ru/aze/baku/venue/wolt-market-khaglar/ankara-qarabasaq-800q-itemid-d61e37b17959e6e7c397b5e3"", ""https://wolt.com/ru/aze/baku/venue/bravo-supermarket-babek-pr-ti-2004/ankara-qarabashaq-800qr-itemid-8f7c47457b07fb6437c2e135"", ""https://wolt.com/ru/aze/baku/venue/neptun-supermarket-narimanovv/ankara-800-qr-qarabasaq-paket-itemid-f17fc0aa272d000c7225053b""]"
Крупы,Bulqur,800 г ,"[""https://wolt.com/ru/aze/baku/venue/wolt-market-nasimi/ankara-bulqur-as-ucun-800q-itemid-a0380ed348b8b95516d6d256"", ""https://wolt.com/ru/aze/baku/venue/bravo-supermarket-babek-pr-ti-2004/ankara-sehriyeli-bulqur-800qr-itemid-d128ac7a2e7142906d6aec05"", ""https://wolt.com/ru/aze/baku/venue/neptun-supermarket-narimanovv/ankara-800-qr-bulgur-paket-itemid-ac5aaafc8549b9b8560fe432""]"
Крупы,Yulaf,420 г,"[""https://wolt.com/ru/aze/baku/venue/wolt-market-nasimi/russkiy-produkt-hercules-enenevi-yulaf-lopalari-420q-itemid-679747c0c59beb1eed1938fa"", ""https://wolt.com/ru/aze/baku/venue/bravo-supermarket-babek-pr-ti-2004/russkiy-produkt-enenevi-yulaf-lopalari-420qr-qutu-itemid-41aad6adecf29ba16ada43c9"", ""https://wolt.com/ru/aze/baku/venue/neptun-supermarket-narimanovv/russkiy-produkt-qerkules-enenevi-qutu-420-qr-itemid-c91a0ec92d3c799d1c0d18ee""]"
Крупы,Manka,800 г,"[""https://wolt.com/ru/aze/baku/venue/wolt-market-nasimi/ankara-manna-yarmasi-800q-itemid-679747c0c59beb1eed19409c"", ""https://wolt.com/ru/aze/baku/venue/bravo-supermarket-babek-pr-ti-2004/ankara-manna-yarmasi-800qr-itemid-75adf266f33db06932933d3f"", ""https://wolt.com/ru/aze/baku/venue/market11/ankara-800-qr-manni-paket-itemid-0790c33fa5503b881adb95ad"", ""https://wolt.com/ru/aze/baku/venue/wolt-market-nasimi/tsar-manna-yarmasi-800q-itemid-679747c0c59beb1eed194084"", ""https://wolt.com/ru/aze/baku/venue/bravo-supermarket-babek-pr-ti-2004/tsar-manna-800qr-itemid-4ab33afea6ffea84196354a0"", ""https://wolt.com/ru/aze/baku/venue/market11/car-800-qr-manna-yarmasi-paket-itemid-68a08227bd54075b8d7be967""]"
Крупы,Darı,500 г,"[""https://wolt.com/ru/aze/baku/venue/bravo-supermarket-babek-pr-ti-2004/richmond-bugda-yarmasi-800-g-itemid-13827f8772e2419c4fd915e9"", ""https://wolt.com/ru/aze/baku/venue/market11/richmond-bugda-yarmasi-paket-800-qr-itemid-8f8e407a8022621d540eb44d""]"
Крупы,Arpa yarması,500 г,[]
Крупы,Un,1 кг,"[""https://wolt.com/ru/aze/baku/venue/wolt-market-khaglar/tsar-un-1kq-itemid-eee41c820d9b21c297335fc4"", ""https://wolt.com/ru/aze/baku/venue/bravo-supermarket-babek-pr-ti-2004/tsar-un-1kg-itemid-866d083deb4c6657f62435c5"", ""https://wolt.com/ru/aze/baku/venue/market11/car-1kq-un-itemid-aaa036290943b8bab185635d"", ""https://wolt.com/ru/aze/baku/venue/wolt-market-khaglar/makfa-un-1kq-itemid-8a900f0235342be8ac6d5acc"", ""https://wolt.com/ru/aze/baku/venue/bravo-supermarket-babek-pr-ti-2004/makfa-un-1kq-itemid-a7e8d06bd39f1900fcf43d88"", ""https://wolt.com/ru/aze/baku/venue/market11/makfa-un-1-kq-itemid-c3b61803a0b67cd7cafe1334""]"
Крупы,Mərci,800 г,"[""https://wolt.com/ru/aze/baku/venue/wolt-market-khaglar/richmond-qirmizi-merci-800q-itemid-1ed1bd28c8bc8aef9a83ba70"", ""https://wolt.com/ru/aze/baku/venue/bravo-supermarket-babek-pr-ti-2004/richmond-qirmizi-merci-800qr-itemid-2483653f19757d5767c111f1"", ""https://wolt.com/ru/aze/baku/venue/market11/richmond-mercimek-qirmizi-800-qr-itemid-5d48a9b5b0aaa72ac7e98e18"", ""https://wolt.com/ru/aze/baku/venue/wolt-market-khaglar/ankara-qirmizi-merci-800q-itemid-5317f3a273bdadde05dfa6b8"", ""https://wolt.com/ru/aze/baku/venue/bravo-supermarket-babek-pr-ti-2004/ankara-qirmizi-merci-800qr-itemid-815074d580484c85c4ab8611"", ""https://wolt.com/ru/aze/baku/venue/market11/ankara-800-qr-merci-qirmizi-paket-itemid-122ba72fe2fd575842abb38e""]"
Крупы,Lobya,800 г,"[""https://wolt.com/ru/aze/baku/venue/wolt-market-khaglar/ankara-ag-lobya-800q-itemid-f9a2ee39108cbaecdd3a6445"", ""https://wolt.com/ru/aze/baku/venue/bravo-supermarket-babek-pr-ti-2004/ankara-800qr-ag-lobya-itemid-c85eccee7111fc34c39d9e98"", ""https://wolt.com/ru/aze/baku/venue/market11/ankara-800-qr-ag-lobya-paket-itemid-00e27647ceda6c588ff3c157""]"
Крупы,Noxud,800 г,"[""https://wolt.com/ru/aze/baku/venue/wolt-market-khaglar/richmond-noxud-800q-itemid-f232458daf5fadfc810f969c"", ""https://wolt.com/ru/aze/baku/venue/bravo-supermarket-babek-pr-ti-2004/richmond-noxud-800qr-itemid-b9b9889d1d2dd1c99d2612a5"", ""https://wolt.com/ru/aze/baku/venue/market11/richmond-800-qr-noxud-itemid-fa5974d4eb7f9e5d5f8cc485"", ""https://wolt.com/ru/aze/baku/venue/wolt-market-khaglar/ankara-noxud-800q-itemid-009d2b9e6d9e6e2727aeb912"", ""https://wolt.com/ru/aze/baku/venue/bravo-supermarket-babek-pr-ti-2004/ankara-noxud-800qr-itemid-4e1d3c4b5ae31702f96ed1f3"", ""https://wolt.com/ru/aze/baku/venue/market11/ankara-800-qr-noxud-paket-itemid-74002e2cefcb79058514d149""]"
Крупы,Qarğıdalı,800 г,"[""https://wolt.com/ru/aze/baku/venue/wolt-market-khaglar/ankara-qargidali-popcorn-800q-itemid-5ebb324aba0f01917eec3ee8"", ""https://wolt.com/ru/aze/baku/venue/bravo-supermarket-babek-pr-ti-2004/ankara-qargidali-popkorn-800qr-itemid-148de62c6d880e17a24c1c07"", ""https://wolt.com/ru/aze/baku/venue/market11/ankara-800-qr-qargidali-paket-itemid-71dcb417fd17ec1abd586c0d""]"
Крупы,Düyü basmati,1 кг,[]
Макароны,Spagetti,500 г,"[""https://wolt.com/ru/aze/baku/venue/wolt-market-khaglar/ankara-vitaminli-spagetti-500q-itemid-5c57b51e14de614fe4a1a02a"", ""https://wolt.com/ru/aze/baku/venue/bravo-supermarket-babek-pr-ti-2004/ankara-spaghetti-500qr-itemid-c71ced09f11510ba8fe37b47"", ""https://wolt.com/ru/aze/baku/venue/market11/ankara-ince-spagetti-500-qr-itemid-4e705bf1f1d05f4650957497"", ""https://wolt.com/ru/aze/baku/venue/wolt-market-khaglar/saville-makaron-spagetti-500q-itemid-f1be456f7b2424dba0131d2a"", ""https://wolt.com/ru/aze/baku/venue/bravo-supermarket-babek-pr-ti-2004/saville-makaron-spagetti-500qr-itemid-f4b2cb3f9301adcc71988638"", ""https://wolt.com/ru/aze/baku/venue/market11/saville-spaqetti-500-qr-itemid-65d81fa898a81d24d90e8ec6""]"
Макароны,Penne,500 г,"[""https://wolt.com/ru/aze/baku/venue/wolt-market-khaglar/ankara-qelem-makaron-500q-itemid-599587600453808f9ffd1aa1"", ""https://wolt.com/ru/aze/baku/venue/bravo-supermarket-genclik/ankara-makaron-qelem-500qr-itemid-19ce786c93d3a0da8194f6b5"", ""https://wolt.com/ru/aze/baku/venue/market11/ankara-makaron-500-qr-itemid-e1ae9dfe1a5de4106217263c"", ""https://wolt.com/ru/aze/baku/venue/wolt-market-khaglar/saville-makaron-qelem-kesme-500q-itemid-f966ceaddb578e0b1001ebb0"", ""https://wolt.com/ru/aze/baku/venue/bravo-supermarket-genclik/saville-makaron-qelem-kesme-500qr-itemid-380db09dec6c55059df53ab3"", ""https://wolt.com/ru/aze/baku/venue/market11/saville-makaron-qelem-kesme-500-qr-itemid-e56c00d0570345404268dcc9""]"
Макароны,Şehriyyə,500 г,"[""https://wolt.com/ru/aze/baku/venue/wolt-market-khaglar/ankara-tel-eriste-500q-itemid-43a5b50cfbfa730f0bb12958"", ""https://wolt.com/ru/aze/baku/venue/bravo-supermarket-genclik/ankara-makaron-tel-sehriye-500qr-itemid-ffecc6ff12de87d31eebb4b6"", ""https://wolt.com/ru/aze/baku/venue/market11/ankara-makaron-tel-500-qr-itemid-5347a5027d03665722b6a9b1"", ""https://wolt.com/ru/aze/baku/venue/wolt-market-khaglar/saville-tel-sehriyye-500q-itemid-a765e7b85a27530ff28821ef"", ""https://wolt.com/ru/aze/baku/venue/bravo-supermarket-genclik/saville-tel-sehriye-500q-itemid-78977931b8dd4b712ba3e536"", ""https://wolt.com/ru/aze/baku/venue/market11/saville-vermisel-500-qr-itemid-893807157729d3d9943c099f""]"
Мясо,Toyuq filesi, 1 кг,"[""https://wolt.com/ru/aze/baku/venue/wolt-market-khaglar/mercan-teze-toyuq-filesi-583-g-itemid-e0c47d4fd65e8af22c88f14b"", ""https://wolt.com/ru/aze/baku/venue/bravo-hypermarket-20-yanvar/mercan-soyulmus-toyuq-filesi-qabda-5182-itemid-64e38734b0ffeea5f3f499ea"", ""https://wolt.com/ru/aze/baku/venue/market11/mercan-toyuq-file-soyudulmus-kg-itemid-8e74e6cc48712096d556eef2""]"
Мясо,Toyuq bütöv,1.25 кг,"[""https://wolt.com/ru/aze/baku/venue/wolt-market-khaglar/mercan-teze-butov-toyuq-1250-g-itemid-b34b787073dae1a587897424"", ""https://wolt.com/ru/aze/baku/venue/bravo-hypermarket-20-yanvar/mercan-donmus-toyuq-qabda-1kq-3616-itemid-5231c600842bb65bd0972f52"", ""https://wolt.com/ru/aze/baku/venue/market11/mercan-toyuq-paket-kq-itemid-64c503e62faa5b487a776454""]"
Мясо,Toyuq budu,483 г,"[""https://wolt.com/ru/aze/baku/venue/wolt-market-khaglar/mercan-teze-toyuq-budu-483-g-itemid-5c3ec62a61a6b17aa61d02d5"", ""https://wolt.com/ru/aze/baku/venue/bravo-hypermarket-20-yanvar/mercan-teze-toyuq-bud-qabda-kq-itemid-257ca1603227ea08fdb84250"", ""https://wolt.com/ru/aze/baku/venue/market11/mercan-toyuq-bud-butulka-kq-itemid-cf3c42b428c73a40dda3c5f2""]"
Мясо,Toyuq qanadı,440 г,"[""https://wolt.com/ru/aze/baku/venue/wolt-market-landmark/mercan-teze-toyuq-qanadi-440-g-itemid-6825e210f5cf665aee8200eb"", ""https://wolt.com/ru/aze/baku/venue/bravo-hypermarket-20-yanvar/mercan-donmus-toyuq-qanadi-qab-1kq-3624-itemid-728fb4a4663b437059b2ca02"", ""https://wolt.com/ru/aze/baku/venue/neptun-supermarket-28/mercan-toyuq-qanad-kq-itemid-74d8ad48e87b57b3695c4cef""]"
Мясо,Mal əti,1 кг,[]
Мясо,Qiymə mal,1 кг,"[""https://wolt.com/ru/aze/baku/venue/bravo-hypermarket-20-yanvar/mal-etinden-qiyme-kq-2999-itemid-09d9e200de19daf1d2c54a53"", ""https://wolt.com/ru/aze/baku/venue/neptun-supermarket-28/et-dana-fars-kq-itemid-3b892452a092ded71c0755ad""]"
Мясо,Qoyun əti,1 кг,[]
Мясо,Dana əti,1 кг,"[""https://wolt.com/ru/aze/baku/venue/bravo-supermarket-babek-pr-ti-2004/dana-bel-eti-sumuksuz-873-itemid-5058dc2bfbc5d9c00f8574e8"", ""https://wolt.com/ru/aze/baku/venue/neptun-supermarket-28/et-dana-bel-eti-sumuksuz-kq-itemid-88daac54c0ddaedf3f405e87""]"
Мясо,Hinduşka filesi,1 кг,[]
Мясо,Mal ciyəri,1 кг,"[""https://wolt.com/ru/aze/baku/venue/bravo-hypermarket-20-yanvar/dana-ciyer-kq-itemid-8c1594fb72e0bbc867cff5e9""]"
Мясо,Qoyun pirzolası,1 кг,[]
Мясо,Quyruq yağı,1 кг,[]
Мясо,Qiymə qoyun,1 кг,[]
Рыба,Forel,1 кг,[]
Рыба,Qızıl balıq,1 кг,[]
Рыба,Nərə balığı,1 кг,[]
Рыба,Krevet,1 кг,"[""https://wolt.com/ru/aze/baku/venue/wolt-market-landmark/vici-kral-kreveti-1kq-itemid-665ee0e869d96fa14d8e0c00"", ""https://wolt.com/ru/aze/baku/venue/bravo-supermarket-babek-pr-ti-2004/vici-kral-krevet-basli-30-40-1-kq-itemid-2c439a08b7ed1f6df5b986c0"", ""https://wolt.com/ru/aze/baku/venue/market11/vici-krevetka-basli-korolevskie-30-40-1kg-itemid-8a92f3e0c9c1ad86d89d25d2""]"
Рыба,Tuna konserv,150 г,"[""https://wolt.com/ru/aze/baku/venue/wolt-market-landmark/dardanel-zeytun-yaginda-tuna-150q-itemid-660d9bbd90571e332df568bd"", ""https://wolt.com/ru/aze/baku/venue/bravo-supermarket-rifah-plaza/dardanel-zeytunlu-ton-baligi-160qr-itemid-92f2684bd070eb69625ea8d0"", ""https://wolt.com/ru/aze/baku/venue/market11/dardanel-zeytun-yaginda-tuna-150q-itemid-29a5a117152f43d620faee53""]"
Рыба,Kütüm,1 кг,[]
Яйца,Yumurta,10 шт,"[""https://wolt.com/ru/aze/baku/venue/wolt-market-landmark/yumurtaska-ag-yumurta-10-ededli-itemid-65b8c9487297cfe5b73a379e"", ""https://wolt.com/ru/aze/baku/venue/bravo-supermarket-bulbul-ave/milvana-ag-yumurta-10ed-itemid-010fa37912ef77fb5546daa2"", ""https://wolt.com/ru/aze/baku/venue/market11/yumurtaska-ag-yumurta-10-lu-qutu-itemid-8fc5e20d49f8334841d4c791""]"
Яйца,Bildirçin yumurtası,12 шт,"[""https://wolt.com/ru/aze/baku/venue/wolt-market-landmark/yumurtaska-bildircin-yumurtasi-12-ededli-itemid-68066b15d8c0c482cf5043d2"", ""https://wolt.com/ru/aze/baku/venue/bravo-supermarket-globus-centre/fazan-bildircin-yumurtasi-12-ed-itemid-0b671285f8ab0f56ba11bf6b"", ""https://wolt.com/ru/aze/baku/venue/neptun-8-mkr/yumurtaska-bildircin-yumurtasi-12-ededli-itemid-7df3b5268c1f14a9cae1018b""]"
Масла,Günəbaxan yağı,1 л,"[""https://wolt.com/ru/aze/baku/venue/wolt-market-landmark/final-gunebaxan-yagi-1l-itemid-665ee0e869d96fa14d8e0a78"", ""https://wolt.com/ru/aze/baku/venue/bravo-supermarket-globus-centre/final-gunebaxan-yagi-1l-itemid-4d00a4f604b2d144caf74d2e"", ""https://wolt.com/ru/aze/baku/venue/market11/final-gunebaxan-yagi-1-l-itemid-4cac1f35234456a1beeed074"", ""https://wolt.com/ru/aze/baku/venue/wolt-market-landmark/mocuze-gunebaxan-yagi-1l-itemid-62624c61f2781c36a6508614"", ""https://wolt.com/ru/aze/baku/venue/bravo-supermarket-globus-centre/mocuze-kere-lezzetli-gunebaxan-yagi-1l-itemid-792f81ee9656391e4ce7ee7e"", ""https://wolt.com/ru/aze/baku/venue/market11/mocuze-kere-lezzetli-gunebaxan-yagi-1-l-itemid-ffe0a20aa012303e07a9dc91""]"
Масла,Zeytun yağı,500 мл,"[""https://wolt.com/ru/aze/baku/venue/wolt-market-landmark/zeytun-baglari-zeytun-yagi-suse-0-5l-itemid-665ee0e869d96fa14d8e0a80"", ""https://wolt.com/ru/aze/baku/venue/bravo-supermarket-globus-centre/zeytun-baglari-zeytun-yagi-suse-qabda-500ml-itemid-d6b9e80e2250e02319d7e4e2"", ""https://wolt.com/ru/aze/baku/venue/market11/zeytun-baglari-zeytun-yagi-0-5-l-itemid-04be2b8f3a312babb30a5c82"", ""https://wolt.com/ru/aze/baku/venue/wolt-market-landmark/absheron-olive-garden-extra-virgin-olive-oil-0-5l-itemid-657c3c319a7e852a52b08d40"", ""https://wolt.com/ru/aze/baku/venue/bravo-supermarket-globus-centre/absheron-extra-virgin-zeytun-yagi-0-5l-itemid-383d2e589d3fef76d12928c8"", ""https://wolt.com/ru/aze/baku/venue/market11/olive-gardens-zeytun-yagi-extra-virgin-s-q-500ml-itemid-e69cf67ccd380fa78d72bd64""]"
Масла,Qarğıdalı yağı,1 л,"[""https://wolt.com/ru/aze/baku/venue/wolt-market-landmark/final-qargidali-yagi-1l-itemid-62624c61f2781c36a650860f"", ""https://wolt.com/ru/aze/baku/venue/bravo-supermarket-globus-centre/final-qargidali-yagi-1l-itemid-a4ca2cff6682fd25f15eff59"", ""https://wolt.com/ru/aze/baku/venue/market11/final-qargidali-yagi-1-l-itemid-960603cddbe4dee28b83fe7b"", ""https://wolt.com/ru/aze/baku/venue/wolt-market-landmark/mocuze-qargidali-yagi-1l-itemid-62624c61f2781c36a650862a"", ""https://wolt.com/ru/aze/baku/venue/bravo-supermarket-globus-centre/mocuze-kere-lezzetli-qargidali-yagi-1l-itemid-e77ed764f5a1ebeac8b9ffcc"", ""https://wolt.com/ru/aze/baku/venue/market11/mocuze-kere-lezzetli-qargidali-1-l-itemid-3fcc1d267189583487a72a2a""]"
Масла,Marqarin,250 г,"[""https://wolt.com/ru/aze/baku/venue/bravo-superstore-genclik-mall/final-marqarin-yagi-250qr-itemid-5fe7df14da8a178b158a288a"", ""https://wolt.com/ru/aze/baku/venue/market11/final-bitki-yagi-250-qr-itemid-abd754bbff99e18524aed005"", ""https://wolt.com/ru/aze/baku/venue/wolt-market-landmark/sana-bitki-yagi-250q-itemid-665ee0e869d96fa14d8e0ac6""]"
Масла,Əridilmiş yağ,910 г,"[""https://wolt.com/ru/aze/baku/venue/wolt-market-nasimi/ana-bala-eridilmis-yag-910q-itemid-679747c1c59beb1eed195748"", ""https://wolt.com/ru/aze/baku/venue/bravo-supermarket-globus-centre/ana-bala-ghee-0-91-kg-6-itemid-4362acfebfe1d3de2cea9741"", ""https://wolt.com/ru/aze/baku/venue/neptun-supermarket-28/final-ana-bala-eridilmis-bitki-yagi-910-qr-itemid-73b613be536db494f6896195""]"
Овощи,Pomidor,1 кг,"[""https://wolt.com/ru/aze/baku/venue/wolt-market-nasimi/pomidor-salxim-kq-itemid-679747c0c59beb1eed193d70"", ""https://wolt.com/ru/aze/baku/venue/bravo-supermarket-globus-centre/pomidor-salxim-kq-itemid-a689a6e4b9b2ce310f16f0b4"", ""https://wolt.com/ru/aze/baku/venue/neptun-supermarket-28/pomidor-salxim-kq-itemid-4b63d53ec32f8ecd000921be""]"
Овощи,Xiyar,1 кг,"[""https://wolt.com/ru/aze/baku/venue/wolt-market-nasimi/xiyar-mirit-kq-itemid-679747c0c59beb1eed193d76"", ""https://wolt.com/ru/aze/baku/venue/bravo-supermarket-globus-centre/xiyar-melit-1kq-2393-itemid-783e9ef6c14577539b512fad"", ""https://wolt.com/ru/aze/baku/venue/neptun-supermarket-28/xiyar-melit-kq-itemid-d346c20c7aa56e22d8ca9b70""]"
Овощи,Kartof,1 кг,"[""https://wolt.com/ru/aze/baku/venue/wolt-market-nasimi/kartof-1kq-itemid-679747c0c59beb1eed193d94"", ""https://wolt.com/ru/aze/baku/venue/bravo-supermarket-globus-centre/kartof-itemid-17b329bef21d5a3ac6bda4e4"", ""https://wolt.com/ru/aze/baku/venue/neptun-supermarket-28/kartof-kq-itemid-61004155b95c40fda29da6bd""]"
Овощи,Soğan,1 кг,"[""https://wolt.com/ru/aze/baku/venue/wolt-market-nasimi/sogan-1kq-itemid-679747c0c59beb1eed193d96"", ""https://wolt.com/ru/aze/baku/venue/bravo-supermarket-globus-centre/sogan-teze-kq-6760-itemid-528425f9c61658c9e61ce033"", ""https://wolt.com/ru/aze/baku/venue/neptun-supermarket-28/sogan-secme-kq-itemid-4f0b62d31cf9b049b55811d6""]"
Овощи,Yerkökü,1 кг,"[""https://wolt.com/ru/aze/baku/venue/wolt-market-nasimi/kok-kq-itemid-679747c0c59beb1eed193e04"", ""https://wolt.com/ru/aze/baku/venue/bravo-supermarket-globus-centre/kok-yerli-1kq-3046-itemid-a0a5b57245cd41d1a2df8992"", ""https://wolt.com/ru/aze/baku/venue/neptun-supermarket-28/kok-kq-itemid-bd49cb304f8c10d74468dd99""]"
Овощи,Bibər şirin,500 г,"[""https://wolt.com/ru/aze/baku/venue/wolt-market-landmark/biber-sirin-500q-itemid-6286045c2405a24d190fac35"", ""https://wolt.com/ru/aze/baku/venue/bravo-supermarket-m-mirqasimov/biber-idxal-itemid-99043a9302324641f3bfdc45"", ""https://wolt.com/ru/aze/baku/venue/neptun-supermarket-28/biber-bolqar-sirin-itemid-d4093e3a8cd250a27a6fa577""]"
Овощи,Kələm ağ,1 кг,"[""https://wolt.com/ru/aze/baku/venue/wolt-market-landmark/kelem-dolmaliq-eded-itemid-6286045c2405a24d190fac2a"", ""https://wolt.com/ru/aze/baku/venue/bravo-supermarket-m-mirqasimov/kelem-ag-kq-2489-itemid-152fa8c5a319ecef549692e9"", ""https://wolt.com/ru/aze/baku/venue/neptun-supermarket-28/kelem-kq-itemid-e9298e826f1419894b4c54f8""]"
Овощи,Badımcan,1 кг,"[""https://wolt.com/ru/aze/baku/venue/wolt-market-landmark/badimcan-dolma-kq-itemid-6286045c2405a24d190fac33"", ""https://wolt.com/ru/aze/baku/venue/bravo-hypermarket-20-yanvar/badimcan-1kq-2391-itemid-972b0fc36f402ffaf62d2134"", ""https://wolt.com/ru/aze/baku/venue/neptun-supermarket-3-mkr/badimcan-kq-itemid-b6ba02a51356984a69edbb97""]"
Овощи,Balqabaq,1 кг,"[""https://wolt.com/ru/aze/baku/venue/wolt-market-khaglar/balqabaq-borani-eded-itemid-381bd8c33be4afc4a2e3c792"", ""https://wolt.com/ru/aze/baku/venue/bravo-hypermarket-20-yanvar/balqabaq-mini-kq-itemid-c4cc608c532b6cce33888459"", ""https://wolt.com/ru/aze/baku/venue/neptun-supermarket-28/balqabaq-kq-itemid-89f447b18ebe68dc8c5b9cb5""]"
Овощи,Çuğundur,500 г,"[""https://wolt.com/ru/aze/baku/venue/wolt-market-khaglar/cugundur-500q-itemid-64c809c939314a3fcfec73bf"", ""https://wolt.com/ru/aze/baku/venue/bravo-superstore-28-mall/cugundur-1kq-2863-itemid-178af723714417e192a9cd6a"", ""https://wolt.com/ru/aze/baku/venue/neptun-supermarket-28/cugundur-kq-itemid-8a2823a58d2df71e3ac9b20c""]"
Овощи,Sarımsaq,3 ed (eded),"[""https://wolt.com/ru/aze/baku/venue/wolt-market-nasimi/sarimsaq-3-eded-itemid-679747c0c59beb1eed193e10"", ""https://wolt.com/ru/aze/baku/venue/bravo-superstore-28-mall/sarimsaq-paketle-1-kq-itemid-6abb29bc67116509afe99beb"", ""https://wolt.com/ru/aze/baku/venue/neptun-supermarket-28/mvt-sarimsaq-kq-itemid-78f325a8c442367f3e8a607c""]"
Овощи,Acı bibər,250 г,"[""https://wolt.com/ru/aze/baku/venue/wolt-market-nasimi/biber-aci-250q-itemid-679747c0c59beb1eed193da8"", ""https://wolt.com/ru/aze/baku/venue/bravo-superstore-28-mall/biber-aci-1kq-5438-itemid-ebe4c43eb4edc9bb8a299eed"", ""https://wolt.com/ru/aze/baku/venue/neptun-supermarket-28/biber-aci-kq-itemid-4d2bc3aa27b2fadefe5455b6""]"
Овощи,Turp,1 пуч,"[""https://wolt.com/ru/aze/baku/venue/wolt-market-nasimi/turp-deste-itemid-679747c0c59beb1eed193dfa"", ""https://wolt.com/ru/aze/baku/venue/bravo-superstore-28-mall/turp-qirmizi-kq-itemid-dbbb2bf97781f789b25ef606"", ""https://wolt.com/ru/aze/baku/venue/market11/mvt-turp-qirmizi-kq-itemid-4913fee05236c1a45a3a1e90""]"
Овощи,Balqabaq şirin,1 кг,[]
Овощи,Kahı,1 шт,"[""https://wolt.com/ru/aze/baku/venue/wolt-market-khaglar/aysberq-salat-eded-itemid-798ab4c0cf0c8968e24f435a"", ""https://wolt.com/ru/aze/baku/venue/bravo-superstore-genclik-mall/kahi-ayzberq-1kq-2726-itemid-c300ad6af25657e8469429c8"", ""https://wolt.com/ru/aze/baku/venue/market11/kelem-aysberq-kq-itemid-737d62ea8272a667eb33bc0b""]"
Овощи,Göbələk,500 г,"[""https://wolt.com/ru/aze/baku/venue/wolt-market-khaglar/gobelek-500q-itemid-81ca08212ccaf5b002d4b1d7"", ""https://wolt.com/ru/aze/baku/venue/bravo-superstore-genclik-mall/gobelek-zire-500qr-itemid-077e6bcee070b16bf3e30a7e"", ""https://wolt.com/ru/aze/baku/venue/market11/mvt-zire-mehsul-500-qr-gobelek-sampinyonlar-itemid-7dc1383667d48340aff6d521""]"
Овощи,Qarğıdalı,1 шт,[]
Овощи,Zəncəfil,500 г,"[""https://wolt.com/ru/aze/baku/venue/wolt-market-nasimi/zencefil-500q-itemid-679747c0c59beb1eed193e0e"", ""https://wolt.com/ru/aze/baku/venue/bravo-superstore-genclik-mall/zencefil-1kq-2547-itemid-e7284286e07146d3a98929f8"", ""https://wolt.com/ru/aze/baku/venue/market11/zencefil-imbir-kq-itemid-3b9eca867f7c562e187995c6""]"
Овощи,Avokado,1 шт,"[""https://wolt.com/ru/aze/baku/venue/wolt-market-nasimi/avokado-eded-itemid-679747c1c59beb1eed194a72"", ""https://wolt.com/ru/aze/baku/venue/bravo-superstore-genclik-mall/avokado-kq-2541-itemid-2cc4bc5f0370e3988ef7da40"", ""https://wolt.com/ru/aze/baku/venue/market11/avokado-eded-itemid-bc481fb53abf5464a13d1888""]"
Зелень,Keşniş,1 пуч,"[""https://wolt.com/ru/aze/baku/venue/wolt-market-landmark/kesnis-deste-itemid-62f11851ddeed1e00ba7fbc6"", ""https://wolt.com/ru/aze/baku/venue/bravo-hypermarket-koroglu/goyerti-kesnis-itemid-196f190a56a11469d91095ae"", ""https://wolt.com/ru/aze/baku/venue/market11/goyerti-itemid-5a09d4fa5b6ce8b5e24abbf1""]"
Зелень,Şüyüd,1 пуч,"[""https://wolt.com/ru/aze/baku/venue/wolt-market-landmark/suyud-deste-itemid-62f11851ddeed1e00ba7fbc7"", ""https://wolt.com/ru/aze/baku/venue/bravo-hypermarket-koroglu/goyerti-suyud-itemid-777c98fac0f4ed281e09cd3b"", ""https://wolt.com/ru/aze/baku/venue/market11/goyerti-itemid-5a09d4fa5b6ce8b5e24abbf1""]"
Зелень,Cəfəri,1 пуч,"[""https://wolt.com/ru/aze/baku/venue/wolt-market-landmark/ceferi-deste-itemid-62f11851ddeed1e00ba7fbcb"", ""https://wolt.com/az/aze/baku/venue/bravo-supermarket-azure/goyerti-secim-ile-itemid-1b299585beadeebd4d3ce4ff"", ""https://wolt.com/ru/aze/baku/venue/market11/goyerti-itemid-5a09d4fa5b6ce8b5e24abbf1""]"
Зелень,Nanə,1 пуч,"[""https://wolt.com/ru/aze/baku/venue/wolt-market-landmark/nane-deste-itemid-62f11851ddeed1e00ba7fbc9"", ""https://wolt.com/az/aze/baku/venue/bravo-supermarket-azure/goyerti-secim-ile-itemid-1b299585beadeebd4d3ce4ff"", ""https://wolt.com/ru/aze/baku/venue/market11/goyerti-itemid-5a09d4fa5b6ce8b5e24abbf1""]"
Зелень,Reyhan,1 пуч,"[""https://wolt.com/ru/aze/baku/venue/wolt-market-landmark/reyhan-qirmizi-deste-itemid-62f11851ddeed1e00ba7fbc5"", ""https://wolt.com/ru/aze/baku/venue/bravo-hypermarket-koroglu/goyerti-reyhan-itemid-6c933c96d5f4fb9a6926dd9f"", ""https://wolt.com/ru/aze/baku/venue/market11/goyerti-itemid-5a09d4fa5b6ce8b5e24abbf1""]"
Фрукты,Alma,1 кг,"[""https://wolt.com/ru/aze/baku/venue/wolt-market-landmark/alma-qala-kq-itemid-632bf3f2854b435da364ddc2"", ""https://wolt.com/ru/aze/baku/venue/bravo-superstore-genclik-mall/alma-qala-kq-7200-itemid-ab9456d929238155bb6973d9"", ""https://wolt.com/ru/aze/baku/venue/market11/mvt-alma-qala-yerli-kq-itemid-f44ddd9d2fe620c893c8beba""]"
Фрукты,Banan,1 кг,"[""https://wolt.com/ru/aze/baku/venue/wolt-market-landmark/banan-kq-itemid-6286045c2405a24d190fac10"", ""https://wolt.com/ru/aze/baku/venue/bravo-superstore-genclik-mall/banan-kq-2504-itemid-c782c287e57c3395c4039a8b"", ""https://wolt.com/ru/aze/baku/venue/market11/banan-kq-itemid-7301878623223d9fa8e8bb9d""]"
Фрукты,Portağal,1 шт,"[""https://wolt.com/ru/aze/baku/venue/wolt-market-landmark/portagal-turk-eded-itemid-643567b686fd57396d2a158f"", ""https://wolt.com/ru/aze/baku/venue/bravo-superstore-genclik-mall/portagal-kq-itemid-1c26deabc5bca187e2b27cc3"", ""https://wolt.com/ru/aze/baku/venue/neptun-supermarket-khirdalan/mvt-portagal-turk-itemid-b1cf6fd6ad7ae26d3d0676c6""]"
Фрукты,Limon,90 г,"[""https://wolt.com/ru/aze/baku/venue/wolt-market-landmark/limon-eded-itemid-6286045c2405a24d190fac12"", ""https://wolt.com/ru/aze/baku/venue/bravo-hypermarket-20-yanvar/limon-afrika-kq-itemid-1430a21797ca7f76860dc760"", ""https://wolt.com/ru/aze/baku/venue/neptun-supermarket-khirdalan/mvt-limon-kq-itemid-ec461348adba130b28d5b521""]"
Фрукты,Mandarin,1 кг,"[""https://wolt.com/ru/aze/baku/venue/wolt-market-nasimi/mandarin-kq-itemid-679747c1c59beb1eed194a92"", ""https://wolt.com/ru/aze/baku/venue/bravo-hypermarket-20-yanvar/mandarin-murkot-itemid-5a30198da0bba81f04de6aaf"", ""https://wolt.com/ru/aze/baku/venue/market11/mvt-mandarin-yerli-kq-itemid-413ef91e45d0cb1970b252dc""]"
Фрукты,Nar,1 кг,"[""https://wolt.com/ru/aze/baku/venue/wolt-market-nasimi/nar-goycay-kq-itemid-679747c1c59beb1eed194a52"", ""https://wolt.com/ru/aze/baku/venue/bravo-superstore-genclik-mall/nar-super-kq-itemid-4412192d00663e3ddaadadee"", ""https://wolt.com/ru/aze/baku/venue/market11/mvt-nar-kq-itemid-9d23b1c834c62bc42ae82d48""]"
Фрукты,Üzüm,500 г,"[""https://wolt.com/ru/aze/baku/venue/wolt-market-nasimi/uzum-ag-yerli-500q-itemid-679746c26076986de641d7c8"", ""https://wolt.com/ru/aze/baku/venue/neptun-supermarket-28/uzum-ag-kq-itemid-7f2de90cb6ceed8cc7e3356c""]"
Фрукты,Xurma,1 кг,[]
Фрукты,Armud,1 кг,"[""https://wolt.com/ru/aze/baku/venue/wolt-market-nasimi/armud-mese-gozeli-kq-itemid-679747c1c59beb1eed194a34"", ""https://wolt.com/ru/aze/baku/venue/bravo-supermarket-globus-centre/armud-mese-gozeli-kq-3242-itemid-fac1021f932fe2013678d71d"", ""https://wolt.com/ru/aze/baku/venue/market11/mvt-armud-bildircin-kq-itemid-9efb1220a38ce06032a92ac0""]"
Фрукты,Şaftalı,1 кг,[]
Фрукты,Gavalı,1 кг,[]
Фрукты,Çiyələk,500 г,"[""https://wolt.com/ru/aze/baku/venue/wolt-market-nasimi/ciyelek-500q-itemid-679747c1c59beb1eed194a68""]"
Фрукты,Qarpız,1 кг,"[""https://wolt.com/ru/aze/baku/venue/wolt-market-nasimi/qarpiz-braziliya-eded-itemid-f25401e23468dedf269e39ac""]"
Фрукты,Yemiş,1 кг,[]
Фрукты,Kivi,500 г,"[""https://wolt.com/ru/aze/baku/venue/wolt-market-nasimi/kivi-500q-itemid-679747c1c59beb1eed194a70"", ""https://wolt.com/ru/aze/baku/venue/bravo-supermarket-globus-centre/kivi-super-kq-itemid-89c292ea174fc5548462655f"", ""https://wolt.com/ru/aze/baku/venue/neptun-supermarket-narimanovv/mvt-kivi-super-kq-itemid-adaa06c4dba1beef10910140""]"
Орехи,Qoz,200 г,"[""https://wolt.com/ru/aze/baku/venue/wolt-market-nasimi/leziz-cerez-qoz-lepesi-200q-itemid-5b74361774c20647b282b073"", ""https://wolt.com/ru/aze/baku/venue/bravo-supermarket-globus-centre/leziz-cerez-qoz-lepesi-200q-itemid-e89653cefd8f372050b15ee7"", ""https://wolt.com/ru/aze/baku/venue/neptun-supermarket-ag-sheher/cerez-qoz-lepesi-qirgiz-vip-kq-itemid-85417568c85bf22b83098bd8""]"
Орехи,Fındıq,300 г,"[""https://wolt.com/ru/aze/baku/venue/wolt-market-nasimi/leziz-cerez-findiq-lepesi-300q-itemid-679747c1c59beb1eed194f22"", ""https://wolt.com/ru/aze/baku/venue/bravo-supermarket-globus-centre/leziz-cerez-findiq-lepesi-300q-itemid-d80ec0cd4b3bb1f701656cbc"", ""https://wolt.com/ru/aze/baku/venue/neptun-supermarket-ag-sheher/cerez-findiq-lepe-xacmaz-xs-kq-itemid-d5fdced8ed726dcb0b9d33ce""]"
Орехи,Badam,300 г,"[""https://wolt.com/ru/aze/baku/venue/wolt-market-nasimi/leziz-cerez-badam-lepesi-300q-itemid-679747c1c59beb1eed194f30"", ""https://wolt.com/ru/aze/baku/venue/bravo-supermarket-globus-centre/leziz-cerez-badam-lepesi-300qr-itemid-5bd7e0aa3b71d887cfc14df3"", ""https://wolt.com/ru/aze/baku/venue/neptun-supermarket-ag-sheher/mvt-badam-kq-itemid-b4229ab2ae8e4eae0eaa9b1c""]"
Орехи,Püstə,250 г,"[""https://wolt.com/ru/aze/baku/venue/wolt-market-nasimi/leziz-cerez-puste-iran-250q-itemid-679747c1c59beb1eed194f32"", ""https://wolt.com/ru/aze/baku/venue/bravo-supermarket-globus-centre/leziz-cerez-puste-iran-250q-itemid-f7f2190bde337145c3c8c0a8"", ""https://wolt.com/ru/aze/baku/venue/neptun-supermarket-ag-sheher/cerez-puste-iran-n-11-ehmedagayi-kq-itemid-d25d6de78d10794a1c92f45c""]"
Орехи,Quru ərik,350 г,"[""https://wolt.com/ru/aze/baku/venue/wolt-market-nasimi/leziz-cerez-sari-erik-qurusu-350q-itemid-679747c1c59beb1eed194f1c"", ""https://wolt.com/ru/aze/baku/venue/bravo-supermarket-globus-centre/leziz-cerez-erik-sari-350qr-itemid-0277c33455c1d1c9f7fc0bff"", ""https://wolt.com/ru/aze/baku/venue/neptun-supermarket-ag-sheher/cer-erik-qurusu-turk-n-1-kq-itemid-12bd479a9e39b4f6c8e7c65a""]"
Орехи,Kişmiş,300 г,"[""https://wolt.com/ru/aze/baku/venue/wolt-market-nasimi/leziz-cerez-kismis-sari-300q-itemid-679747c1c59beb1eed194f24"", ""https://wolt.com/ru/aze/baku/venue/bravo-supermarket-globus-centre/leziz-cerez-kismis-sari-300q-itemid-c7f1bca9983538c13fd9febf"", ""https://wolt.com/ru/aze/baku/venue/neptun-supermarket-ag-sheher/cerez-kismis-sari-iran-n-1-kq-itemid-b70c7381fa37b43f2cc5cee8""]"
Орехи,Xurma quru,350 г,"[""https://wolt.com/ru/aze/baku/venue/wolt-market-nasimi/leziz-cerez-xurma-iran-350q-itemid-50aa7e7661362fbbaf47081d"", ""https://wolt.com/ru/aze/baku/venue/bravo-supermarket-globus-centre/leziz-cerez-xurma-iran-350qr-itemid-fbdf311bd474b84c7c96b2a5"", ""https://wolt.com/ru/aze/baku/venue/market11/xurma-nurlan-iran-kq-itemid-c8ef2d5c3d2cd0485a5da0ef"", ""https://wolt.com/ru/aze/baku/venue/wolt-market-nasimi/leziz-cerez-xurma-medine-350q-itemid-679747c1c59beb1eed194f2a"", ""https://wolt.com/ru/aze/baku/venue/bravo-supermarket-globus-centre/leziz-cerez-xurma-medine-350qr-itemid-6ac56a0c43a192b969d25a73"", ""https://wolt.com/ru/aze/baku/venue/market11/cerez-xurma-medine-kq-itemid-a46491e9e49d1d90d2e537fc""]"
Орехи,Quru gavalı,350 г,"[""https://wolt.com/ru/aze/baku/venue/wolt-market-nasimi/leziz-cerez-qara-gavali-350q-itemid-e92a0305658f5e87dabfba96"", ""https://wolt.com/ru/aze/baku/venue/bravo-supermarket-globus-centre/leziz-cerez-qara-gavali-350q-itemid-cb69053bfc004c5c3fb5b554"", ""https://wolt.com/ru/aze/baku/venue/market11/cerez-gavali-yerli-n-4-tumsuz-kq-itemid-d9418d2a365c71b6734042df""]"
Орехи,Günəbaxan tumu,100 г,"[""https://wolt.com/ru/aze/baku/venue/wolt-market-nasimi/ciko-duzlu-qara-ildirim-100q-itemid-679747c1c59beb1eed194f66"", ""https://wolt.com/ru/aze/baku/venue/bravo-supermarket-globus-centre/ciko-duzlu-ildirim-gunebaxan-tumu-100qr-itemid-cb521bea658591930cb2acef"", ""https://wolt.com/ru/aze/baku/venue/market11/ciko-qara-gunebaxan-tumu-100-qr-itemid-8e62dca86bdb35e435a7f8d6""]"
Орехи,Lavashana,200 г,[]
Бакалея,Şəkər,800 г,"[""https://wolt.com/ru/aze/baku/venue/wolt-market-nasimi/richmond-seker-tozu-800q-itemid-679747c0c59beb1eed1939ea"", ""https://wolt.com/ru/aze/baku/venue/bravo-supermarket-globus-centre/richmond-seker-tozu-800qr-itemid-2af4e6efac7ffc7f7b57c24d"", ""https://wolt.com/ru/aze/baku/venue/market11/richmond-seker-tozu-800-qr-itemid-39ec3078ec543790098636ab"", ""https://wolt.com/ru/aze/baku/venue/wolt-market-nasimi/azerseker-seker-tozu-700q-itemid-679747c0c59beb1eed1939da"", ""https://wolt.com/ru/aze/baku/venue/bravo-supermarket-globus-centre/azerseker-toz-seker-700qr-itemid-59f5a9d57c6d11e10b7371eb"", ""https://wolt.com/ru/aze/baku/venue/market11/azer-seker-700-qr-seker-tozu-itemid-35a003e45294d0f9e8ef9e57""]"
Бакалея,Duz,1 кг,"[""https://wolt.com/ru/aze/baku/venue/wolt-market-landmark/salute-xorek-duzu-1kq-itemid-9231bd9b22cc7c1b91500b72"", ""https://wolt.com/ru/aze/baku/venue/bravo-supermarket-globus-centre/salute-xorek-duzu-1kq-qutuda-itemid-0278b67d9448f52713f1babe"", ""https://wolt.com/ru/aze/baku/venue/market11/salute-xorek-duzu-1-kq-itemid-19595127d0f5383dd8376ca8""]"
Бакалея,Çay,100 г,"[""https://wolt.com/ru/aze/baku/venue/wolt-market-landmark/azercay-buket-100q-itemid-6262469525df9c8a7a9406d6"", ""https://wolt.com/ru/aze/baku/venue/bravo-supermarket-globus-centre/azercay-buket-100qr-qutu-itemid-813b03695283fe2bae91026f"", ""https://wolt.com/ru/aze/baku/venue/market11/azer-cay-buket-cay-qutu-100-qr-itemid-7a947ecd2a3680a22bf2f0d7"", ""https://wolt.com/ru/aze/baku/venue/wolt-market-landmark/berqa-qara-cay-100q-itemid-656d8ef0d50bd8754db31277"", ""https://wolt.com/ru/aze/baku/venue/bravo-supermarket-globus-centre/berqa-breakfast-qara-cay-100qr-qutuda-itemid-9d31ee50bb925ce01a7469e8"", ""https://wolt.com/ru/aze/baku/venue/market11/berqa-english-breakfast-qara-cay-100-qr-itemid-f192d9fa6bc4860944a45b40""]"
Бакалея,Yaşıl çay,100 г,"[""https://wolt.com/ru/aze/baku/venue/wolt-market-landmark/azercay-yasil-cay-100q-itemid-656d8ef0d50bd8754db3126c"", ""https://wolt.com/ru/aze/baku/venue/bravo-supermarket-globus-centre/azercay-yasil-cay-100-qr-qutu-itemid-bf130703cdf1e0219f23ac2d"", ""https://wolt.com/ru/aze/baku/venue/market11/azer-cay-yasil-cay-100-qr-itemid-e892bb70446fc834e7f1a979"", ""https://wolt.com/ru/aze/baku/venue/wolt-market-landmark/berqa-yasil-cay-jasmin-100q-itemid-677be061881fc5b647187ae1"", ""https://wolt.com/ru/aze/baku/venue/bravo-supermarket-globus-centre/berqa-jasminli-yasil-cay-100qr-qutuda-itemid-ff69faa0031a40efc5a150b9"", ""https://wolt.com/ru/aze/baku/venue/market11/berqa-100-qr-english-breakfast-yasil-cay-yasemen-itemid-427a274273a4176cebc27700""]"
Бакалея,Qara istiot,35 г,"[""https://wolt.com/ru/aze/baku/venue/wolt-market-landmark/nid-istiot-qara-uyudulmus-35q-itemid-6256ed4fffbe6ff53afcbd1e"", ""https://wolt.com/ru/aze/baku/venue/bravo-supermarket-globus-centre/nid-istiot-qara-uyudulmus-35qr-itemid-0dfa9cd49777cedcfd298193"", ""https://wolt.com/ru/aze/baku/venue/neptun-supermarket-hazi/nid-40-qr-edviyyat-qara-istiot-paket-itemid-e3cd3941be940c6138807228""]"
Бакалея,Sarıkök,40 г,"[""https://wolt.com/ru/aze/baku/venue/wolt-market-nasimi/nid-sarikok-paket-40q-itemid-679747c1c59beb1eed194be4"", ""https://wolt.com/ru/aze/baku/venue/bravo-hypermarket-20-yanvar/nid-sarikok-paketde-40qr-itemid-899221c82f741047be68f6f3"", ""https://wolt.com/ru/aze/baku/venue/neptun-8-mkr/nid-sarikok-40-gr-itemid-3f793417da1b4cde521912cb""]"
Бакалея,Zəfəran,1 г,"[""https://wolt.com/ru/aze/baku/venue/wolt-market-nasimi/nid-zeferan-1q-itemid-679747c1c59beb1eed194b72"", ""https://wolt.com/ru/aze/baku/venue/bravo-hypermarket-20-yanvar/nid-zeferan-uyudulmus-1qr-itemid-b16360c6c02ca8025a9b2548"", ""https://wolt.com/ru/aze/baku/venue/neptun-8-mkr/nid-3-qr-edviyyat-zeferan-paket-itemid-850f1b7b94d876719c8ab602""]"
Бакалея,Sirkə,500 мл,"[""https://wolt.com/ru/aze/baku/venue/wolt-market-landmark/itemid-64526e424727e2bfe49b0458"", ""https://wolt.com/ru/aze/baku/venue/bravo-hypermarket-20-yanvar/saville-alma-sirkesi-500ml-itemid-6dbc72e1ebe7186c752b7cbb"", ""https://wolt.com/ru/aze/baku/venue/neptun-8-mkr/saville-alma-sirkesi-500-ml-itemid-4c3e598e5f91cf42352b47f4""]"
Бакалея,Bal,470 г,"[""https://wolt.com/ru/aze/baku/venue/wolt-market-landmark/saf-bal-tebii-cicek-bali-suse-470q-itemid-62726942f74850bd6ec7ddcc"", ""https://wolt.com/ru/aze/baku/venue/bravo-hypermarket-20-yanvar/saf-bal-tebii-cicek-bali-suse-470qr-itemid-8a42015eeee25667aa3f701a"", ""https://wolt.com/ru/aze/baku/venue/neptun-supermarket-ag-sheher/heybe-ismayilli-samaxi-cicek-bali-500qr-itemid-436fbb7fd0e31975918e4efd""]"
Бакалея,Sumaq,40 г,"[""https://wolt.com/ru/aze/baku/venue/wolt-market-landmark/nid-sumaq-40q-itemid-6256ed4fffbe6ff53afcbd3c"", ""https://wolt.com/ru/aze/baku/venue/bravo-superstore-28-mall/nid-sumax-40qr-itemid-86824c7b1832af55c90dd896"", ""https://wolt.com/ru/aze/baku/venue/neptun-supermarket-28/nid-40-qr-edviyyat-sumaq-paket-itemid-15f91061f5c0ecbf3b85d052""]"
Бакалея,Qəhvə,95 г,"[""https://wolt.com/ru/aze/baku/venue/wolt-market-nasimi/jacobs-monarch-hell-olunan-qehve-suse-95q-itemid-679747c1c59beb1eed1951c8"", ""https://wolt.com/ru/aze/baku/venue/bravo-superstore-28-mall/jacobs-monarch-hell-olunan-qehve-95qr-suse-8714599512128-itemid-26809a9549b5d25768d44c41"", ""https://wolt.com/ru/aze/baku/venue/market11/jacobs-monarch-qehve-95-qr-itemid-4c29b61484b546d0017aac5c"", ""https://wolt.com/ru/aze/baku/venue/wolt-market-nasimi/nescafe-gold-suse-95q-itemid-679747c1c59beb1eed1951bc"", ""https://wolt.com/ru/aze/baku/venue/bravo-superstore-28-mall/nestle-nescafe-gold-qehve-95qr-susede-46204813-itemid-37907f2dea61d815c0400d6c"", ""https://wolt.com/ru/aze/baku/venue/market11/nescafe-kofe-gold-yeni-95-qr-itemid-f6f5a89877e5d1340adf0c61""]"
Консервы,Tomat pastası,720 г,"[""https://wolt.com/ru/aze/baku/venue/wolt-market-nasimi/bizim-tarla-tomat-pastasi-720q-itemid-d94bac1addbcfc56f469a885"", ""https://wolt.com/ru/aze/baku/venue/bravo-superstore-28-mall/bizim-tarla-tomat-pastasi-720qr-itemid-37859750575368b9bc26b047"", ""https://wolt.com/ru/aze/baku/venue/neptun-supermarket-khirdalan/bizim-tarla-tomat-pastasi-720-qr-itemid-8703109392a5022c0045cad1"", ""https://wolt.com/ru/aze/baku/venue/wolt-market-landmark/final-tomat-pastasi-720q-itemid-665ee0e869d96fa14d8e0aac"", ""https://wolt.com/ru/aze/baku/venue/bravo-superstore-28-mall/final-tomat-pastasi-720qr-itemid-c0513677100d6cfbf7868793"", ""https://wolt.com/ru/aze/baku/venue/neptun-supermarket-khirdalan/final-tomat-pastasi-700-qr-itemid-51c5e775b5f41ea284c2ea17""]"
Консервы,Ketçup,540 г,"[""https://wolt.com/ru/aze/baku/venue/wolt-market-nasimi/bizim-sufre-ketcup-klassik-540q-itemid-679747c1c59beb1eed194aca"", ""https://wolt.com/ru/aze/baku/venue/bravo-superstore-28-mall/bizim-sufre-ketcup-klassik-540qr-itemid-e182d73cfa502c7a0b1df422"", ""https://wolt.com/ru/aze/baku/venue/neptun-supermarket-khirdalan/bizim-sufre-ketcup-klassik-540-qr-itemid-70d545747dc0b1fcda8ab43b""]"
Консервы,Mayonez,500 мл,"[""https://wolt.com/ru/aze/baku/venue/wolt-market-nasimi/bizim-sufre-mayonez-55-suse-500ml-itemid-679747c1c59beb1eed194af8"", ""https://wolt.com/ru/aze/baku/venue/bravo-superstore-28-mall/bizim-sufre-mayonez-55-500ml-susede-itemid-640af1bdb091518a60918495"", ""https://wolt.com/ru/aze/baku/venue/neptun-supermarket-khirdalan/bizim-sufre-mayonez-55-500-ml-itemid-924470b8413c17e79098942c"", ""https://wolt.com/ru/aze/baku/venue/wolt-market-nasimi/mecta-xozayki-mayonez-klassik-480ml-itemid-73b97c42dfc04deb29764b83"", ""https://wolt.com/ru/aze/baku/venue/bravo-superstore-28-mall/mechta-xozayki-klassik-mayonez-480ml-itemid-699f9cb1bd401aa0aadf6d0d"", ""https://wolt.com/ru/aze/baku/venue/market11/mecta-xozyayki-mayonez-klassik-480-ml-itemid-bcc582dacb49ab1cfaf775ee""]"
Консервы,Xardal,100 г,"[""https://wolt.com/ru/aze/baku/venue/wolt-market-nasimi/tsarskiy-stolnik-xardal-100q-itemid-679747c1c59beb1eed194b64"", ""https://wolt.com/ru/aze/baku/venue/bravo-superstore-28-mall/tsarskiy-stolnik-xardal-100-g-itemid-d034fbb4000c024637a5666b"", ""https://wolt.com/ru/aze/baku/venue/neptun-supermarket-28/carskiy-stolnik-rus-xardali-100-qr-itemid-07a9925699082d3bc3298b67""]"
Консервы,Zeytun qara,370 г,"[""https://wolt.com/ru/aze/baku/venue/wolt-market-nasimi/absheron-olive-garden-zeytun-qara-tumlu-duzlu-su-370q-itemid-679747c0c59beb1eed194120"", ""https://wolt.com/ru/aze/baku/venue/bravo-superstore-28-mall/absheron-tumsuz-qara-zeytun-370qr-itemid-2a6fd1f0725cb4dcf9c4f368"", ""https://wolt.com/ru/aze/baku/venue/neptun-supermarket-28/olive-gardens-qara-zeytun-tumusuz-s-q-370qr-itemid-3b775f5a58abc0eba3f82607""]"
Консервы,Noxud konserv,700 г,"[""https://wolt.com/ru/aze/baku/venue/wolt-market-nasimi/bostan-yasil-noxud-700q-itemid-679747c0c59beb1eed19416a"", ""https://wolt.com/ru/aze/baku/venue/bravo-supermarket-globus-centre/bostan-yasil-noxud-700qr-itemid-382eb854f1e8a6d7ed70adf8"", ""https://wolt.com/ru/aze/baku/venue/neptun-supermarket-28/bostan-yasil-noxud-konservi-700-qr-itemid-4dcccd67f232e912d3f22991"", ""https://wolt.com/ru/aze/baku/venue/wolt-market-nasimi/bizim-tarla-yasil-noxud-660q-itemid-679747c0c59beb1eed194166"", ""https://wolt.com/ru/aze/baku/venue/bravo-supermarket-globus-centre/bizim-tarla-yasil-noxud-660qr-itemid-96f2d881a4d577fe385dceaf"", ""https://wolt.com/ru/aze/baku/venue/neptun-supermarket-28/bizim-tarla-yasil-noxud-konservi-680-qr-itemid-9d1aaf4f4ae1660eba671082""]"
Консервы,Qarğıdalı konserv,340 г,"[""https://wolt.com/ru/aze/baku/venue/wolt-market-nasimi/final-qargidali-deneleri-340q-itemid-68a86ee853efb308c261b7d7"", ""https://wolt.com/ru/aze/baku/venue/bravo-supermarket-globus-centre/final-qargidali-deneleri-340gr-itemid-b568f3b60dde9b49a2110940"", ""https://wolt.com/ru/aze/baku/venue/neptun-supermarket-28/final-340q-sirin-qargidali-demir-qabda-itemid-f1666fc9ae07af697ba3f9cc"", ""https://wolt.com/ru/aze/baku/venue/wolt-market-nasimi/bonduelle-sirin-qargidali-340q-itemid-679747c0c59beb1eed19418a"", ""https://wolt.com/ru/aze/baku/venue/bravo-hypermarket-20-yanvar/bonduelle-kukuruz-sirin-340qr-tnk-itemid-a624ab93bb066379dbb126ce""]"
Консервы,Nar şərabi,345 мл,"[""https://wolt.com/ru/aze/baku/venue/wolt-market-nasimi/bizim-tarla-narserab-345q-itemid-ed513270fcf7ec1cb36d292f"", ""https://wolt.com/ru/aze/baku/venue/bravo-hypermarket-20-yanvar/bizim-tarla-narserab-345qr-itemid-ca31cf90b2155974a9054471"", ""https://wolt.com/ru/aze/baku/venue/neptun-supermarket-khirdalan/bizim-tarla-narserab-345qr-itemid-0348259e454dfb21318bbb8a""]"
Заморозка,Düşbərə,400 г,"[""https://wolt.com/ru/aze/baku/venue/wolt-market-nasimi/abad-evsayagi-dusbere-400q-itemid-687a0c2b331879873bd2e7b8"", ""https://wolt.com/ru/aze/baku/venue/bravo-hypermarket-koroglu/abad-ev-sayagi-dusbere-400qr-itemid-d99c6bb762c6f7337abeef50""]"
Заморозка,Dondurulmuş tərəvəz,400 г,[]
Заморозка,Dondurma,500 мл,"[""https://wolt.com/ru/aze/baku/venue/wolt-market-nasimi/delisimo-sokoladli-plombir-500ml-itemid-679747c0c59beb1eed19389"", ""https://wolt.com/ru/aze/baku/venue/bravo-hypermarket-koroglu/delisimo-plombir-sokolad-itemid-35b2f87d34db4e8b4fd6387e"", ""https://wolt.com/ru/aze/baku/venue/bravo-hypermarket-koroglu/bakinskiy-plombirir-celato-plombirir-500qr-itemid-9c68f33e5d78d39e03c78d5e"", ""https://wolt.com/ru/aze/baku/venue/market11/dondurma-iceland-500-qr-plombir-vanilli-15-itemid-4d5d23fa806a022840776b9d""]"
Заморозка,Xəmir,500 г,"[""https://wolt.com/ru/aze/baku/venue/wolt-market-nasimi/superfresh-milfoy-donmus-xemir-500q-itemid-679747c1c59beb1eed194e2c"", ""https://wolt.com/ru/aze/baku/venue/bravo-hypermarket-koroglu/superfresh-mille-feuille-500qr-itemid-7503fa28215daa849e2ff865"", ""https://wolt.com/ru/aze/baku/venue/neptun-supermarket-ag-sheher/super-fresh-500-qr-milfey-xemiri-paket-itemid-bc88597573c00b81707478e4""]"
Колбасы,Sosiska,450 г,"[""https://wolt.com/ru/aze/baku/venue/wolt-market-landmark/sevimli-dad-molocniye-sosis-450q-itemid-62bc54cc42113be306e7a3a9"", ""https://wolt.com/ru/aze/baku/venue/bravo-supermarket-globus-centre/sevimli-dad-sosis-molocniy-qab-558-itemid-9d7428e12c343c28d927db76"", ""https://wolt.com/ru/aze/baku/venue/market11/sosiska-sevimli-dad-sudlu-kq-itemid-7953d70abc4d5fd46f91677d"", ""https://wolt.com/ru/aze/baku/venue/wolt-market-landmark/cerkizovo-sudlu-sosiska-450q-itemid-665ee0e869d96fa14d8e0abe"", ""https://wolt.com/ru/aze/baku/venue/bravo-supermarket-globus-centre/cerk-sos-molocnie-lotok-450-qr-itemid-3593f341fcdc75823973b2cf"", ""https://wolt.com/ru/aze/baku/venue/market11/cerkizovo-sosiski-molocniye-po-cerkizovski-450-qr-itemid-0bd99bf5f4a78513b219e94e""]"
Колбасы,Kolbasa,420 г,"[""https://wolt.com/ru/aze/baku/venue/wolt-market-landmark/sab-doktorskaya-kolbasasi-420q-itemid-687e1497648a713e9224b572"", ""https://wolt.com/ru/aze/baku/venue/bravo-supermarket-globus-centre/sab-doktorskaya-bismis-kolbasa-1kq-1821-itemid-95a7d24386324a3eb315b101"", ""https://wolt.com/ru/aze/baku/venue/market11/kolbasa-sab-doktorskaya-kq-itemid-4dce565348de18e9616cf47e""]"
Колбасы,Kolbasa hisə,600 г,"[""https://wolt.com/ru/aze/baku/venue/wolt-market-landmark/sevimli-dad-zernistaya-servelat-600q-itemid-62bc54cc42113be306e7a3a7"", ""https://wolt.com/ru/aze/baku/venue/bravo-supermarket-globus-centre/sevimli-dad-zernistaya-servelat-1kq-597-itemid-c56bd6b3620166b73d005033"", ""https://wolt.com/ru/aze/baku/venue/market11/kolbasa-sevimli-dad-zernistaya-kq-itemid-b75e451f9cf7b04c1b69db2f""]"
Колбасы,Sucuq,225 г,"[""https://wolt.com/ru/aze/baku/venue/wolt-market-landmark/pinar-klassiq-sucuk-225q-itemid-6602ecd4a9267230eff64553"", ""https://wolt.com/ru/aze/baku/venue/bravo-supermarket-globus-centre/pinar-sucuk-klasik-kangal-kolbasa-225qr-itemid-dd97e0ab95123c999e640268"", ""https://wolt.com/ru/aze/baku/venue/market11/pinar-225-qr-klassik-fermente-sucuk-itemid-353f1634817e5cfad397fdbf""]"
Сладости,Şokolad,80 г,"[""https://wolt.com/ru/aze/baku/venue/wolt-market-nasimi/milka-sudlu-sokolad-80q-itemid-679746c26076986de641d70e"", ""https://wolt.com/ru/aze/baku/venue/bravo-supermarket-globus-centre/milka-sudlu-sokolad-90qr-itemid-1b68610abf8a8b874cb996f0"", ""https://wolt.com/ru/aze/baku/venue/market11/milka-sokolad-sudlu-plitka-90-qr-itemid-d131dee7131cef78223a7887"", ""https://wolt.com/ru/aze/baku/venue/wolt-market-nasimi/alpen-gold-sudlu-sokolad-80q-itemid-679747c0c59beb1eed1946ae"", ""https://wolt.com/ru/aze/baku/venue/bravo-supermarket-globus-centre/alpen-gold-sudlu-sokolad-85qr-itemid-b55acbeafd7b3f0367853b4b"", ""https://wolt.com/ru/aze/baku/venue/market11/alpen-gold-sokolad-sudlu-plitka-90-qr-itemid-38b2d232946ca4982ae45824""]"
Сладости,Halva,350 г,"[""https://wolt.com/ru/aze/baku/venue/bravo-supermarket-globus-centre/azovskaya-orijinal-gunebaxan-halvasi-350qr-itemid-534816ba50319b73aacca3fd"", ""https://wolt.com/ru/aze/baku/venue/market11/azovskaya-350-qr-halva-gunebaxan-itemid-ba0c20f77b02267711ffcc64""]"
Сладости,Mürəbbə,400 г,"[""https://wolt.com/ru/aze/baku/venue/wolt-market-nasimi/bizim-tarla-ciyelek-murebbesi-400q-itemid-679747c0c59beb1eed193a76"", ""https://wolt.com/ru/aze/baku/venue/bravo-supermarket-globus-centre/bizim-tarla-ciyelek-murebbesi-400qr-itemid-5101ca553ca8eced80327729"", ""https://wolt.com/ru/aze/baku/venue/market11/bizim-tarla-ciyelek-murebbesi-400-qr-itemid-4df95c5cbe8afe3b1f52dfbe""]"
Сладости,Peçenye,224 г,"[""https://wolt.com/ru/aze/baku/venue/wolt-market-nasimi/yubileynoye-enenevi-pecenye-224q-itemid-50905d46ead120ae70fe6713"", ""https://wolt.com/ru/aze/baku/venue/bravo-supermarket-globus-centre/yubileynoye-pecenye-224qr-itemid-b37ace764d13783f3e0b50a1"", ""https://wolt.com/ru/aze/baku/venue/market11/yubileynoye-pecenye-224qr-itemid-ead10d06107d6ce1c1127dbb""]"
Напитки,Su,1 л,"[""https://wolt.com/ru/aze/baku/venue/wolt-market-nasimi/sirab-qazsiz-su-1l-itemid-679747c0c59beb1eed194434"", ""https://wolt.com/ru/aze/baku/venue/bravo-supermarket-globus-centre/sirab-qazsiz-su-1l-itemid-95625c57b540792ab7cf83d1"", ""https://wolt.com/ru/aze/baku/venue/market11/sirab-qazsiz-1-l-itemid-d4f0251374d75a35a6dbe22c""]"
Напитки,Mineral su,500 мл,"[""https://wolt.com/ru/aze/baku/venue/wolt-market-nasimi/sirab-qazli-su-0-5l-itemid-679747c0c59beb1eed194432"", ""https://wolt.com/ru/aze/baku/venue/bravo-supermarket-globus-centre/sirab-qazli-su-500ml-itemid-dbe377522ee3f5b5f3382390"", ""https://wolt.com/ru/aze/baku/venue/market11/sirab-qazli-su-500-ml-itemid-911dc832d2c26fa0948b12ea""]"
Напитки,Coca-Cola,1 л,"[""https://wolt.com/ru/aze/baku/venue/wolt-market-nasimi/itemid-679747c0c59beb1eed1945a6"", ""https://wolt.com/ru/aze/baku/venue/bravo-supermarket-globus-centre/coca-cola-1l-itemid-a5258e1487a040415bcc7a81"", ""https://wolt.com/ru/aze/baku/venue/market11/coca-cola-1-l-itemid-01bf1f42cb0a67f251dc7b13""]"
Напитки,Şirə,1 л,"[""https://wolt.com/ru/aze/baku/venue/wolt-market-nasimi/jale-yasil-alma-siresi-1l-itemid-679747c0c59beb1eed1944aa"", ""https://wolt.com/ru/aze/baku/venue/bravo-supermarket-globus-centre/jale-prizma-alma-siresi-1l-itemid-bb2636889cc3739b9e979974"", ""https://wolt.com/ru/aze/baku/venue/neptun-supermarket-ag-sheher/jale-prizma-alma-meyve-siresi-1-l-itemid-2df89ec2e03f4f7c2fdce0f2""]"
Напитки,Şərbət,1 л,[]
Напитки,Pivə,500 мл,"[""https://wolt.com/ru/aze/baku/venue/wolt-market-nasimi/itemid-679747c0c59beb1eed193b94"", ""https://wolt.com/ru/aze/baku/venue/bravo-supermarket-globus-centre/xirdalan-pive-susede-500ml-itemid-0cb1c34e8f14c34e01125fca"", ""https://wolt.com/ru/aze/baku/venue/neptun-supermarket-ag-sheher/xirdalan-lager-pive-500-ml-itemid-d49592975fba67b1f1525007""]"
Напитки,Enerji içkisi,250 мл,"[""https://wolt.com/ru/aze/baku/venue/wolt-market-nasimi/itemid-679747c0c59beb1eed193820"", ""https://wolt.com/ru/aze/baku/venue/bravo-supermarket-globus-centre/itemid-7ce7dc1bd4aa32885b21f9bb"", ""https://wolt.com/ru/aze/baku/venue/market11/red-bull-energy-drink-250-ml-itemid-8587997dc22ece91aa3fbc41""]"
Детское,Uşaq qatışığı,400 г,"[""https://wolt.com/ru/aze/baku/venue/wolt-market-nasimi/nan-1-hipoalergen-korpe-sudu-400q-itemid-679746c26076986de641dcb0"", ""https://wolt.com/ru/aze/baku/venue/bravo-supermarket-globus-centre/nestle-nan-optipro-1-qarisigi-0-6-db-400gr-itemid-682c185a30c7985368147b93""]"
Детское,Uşaq püresi,90 г,"[""https://wolt.com/ru/aze/baku/venue/wolt-market-nasimi/aqusa-alma-banan-pecenye-puresi-6ay-90q-itemid-679747c1c59beb1eed195852"", ""https://wolt.com/ru/aze/baku/venue/bravo-supermarket-globus-centre/aqusa-alma-banan-ve-kurabiye-puresi-6-aydan-90qr-itemid-51dd223a26bf6548210957c0""]"
Детское,Uşaq bezi,40 шт,[]
Хозтовары,Qab yuyucu,1 л,"[""https://wolt.com/ru/aze/baku/venue/wolt-market-nasimi/fairy-qabyuyan-maye-limon-1l-itemid-8f7dc8574ed32ddf7c38619d"", ""https://wolt.com/ru/aze/baku/venue/bravo-supermarket-globus-centre/fairy-qabyuyan-maye-limon-etirli-1l-itemid-53738f87cde5315fa7cff839"", ""https://wolt.com/ru/aze/baku/venue/neptun-supermarket-ag-sheher/fairy-900-ml-qabyuyan-maye-sireli-limon-itemid-22ffc2a6a927c5895c1cf913""]"
Хозтовары,Yuyucu toz,3 кг,"[""https://wolt.com/ru/aze/baku/venue/wolt-market-nasimi/ariel-ls-ag-qizilgul-3kq-itemid-679747c0c59beb1eed19377a"", ""https://wolt.com/ru/aze/baku/venue/bravo-supermarket-globus-centre/ariel-ag-paltarlar-ucun-3kq-itemid-a6c1a2a8bbea5060b4e514d8"", ""https://wolt.com/ru/aze/baku/venue/neptun-supermarket-ag-sheher/ariel-3kq-yuyucu-toz-automat-white-itemid-4621a8d6aa49a5e239b2ebb0""]"
Хозтовары,Tualet kağızı,4 шт,"[""https://wolt.com/ru/aze/baku/venue/wolt-market-nasimi/aura-tualet-kagizi-parfumlu-4-rulon-itemid-679747c0c59beb1eed194224"", ""https://wolt.com/ru/aze/baku/venue/bravo-supermarket-globus-centre/aura-tualet-kagizi-perfumed-4ed-itemid-335ec6b47efdcf390c0ff768"", ""https://wolt.com/ru/aze/baku/venue/neptun-supermarket-ag-sheher/aura-tualet-kagizi-3-qat-etirli-4lu-itemid-e2e743e7c7de6a307ef3627a"", ""https://wolt.com/ru/aze/baku/venue/wolt-market-nasimi/papia-tualet-kagizi-3-qat-4-rulon-itemid-679747c0c59beb1eed194216"", ""https://wolt.com/ru/aze/baku/venue/bravo-supermarket-globus-centre/papia-tualet-kagizi-3-qat-4ed-secret-garden-itemid-d611ec41a76ac3fb789d8079"", ""https://wolt.com/ru/aze/baku/venue/neptun-supermarket-ag-sheher/papia-tualet-kagizi-sekret-4-lu-3qat-itemid-0b7800d1ea98f6bac0ba0c70""]"
Хозтовары,Diş pastası,75 мл,"[""https://wolt.com/ru/aze/baku/venue/wolt-market-nasimi/colgate-max-white-purple-reveal-dis-mecunu-75ml-itemid-443a126c806c9f8cf3698710"", ""https://wolt.com/ru/aze/baku/venue/bravo-supermarket-globus-centre/colgate-dis-mecunu-max-white-purple-reveal-itemid-fefb44b0c5e336fefd96c145"", ""https://wolt.com/ru/aze/baku/venue/neptun-supermarket-ag-sheher/colgate-maw-white-purple-reveal-dis-mecunu-75-ml-itemid-ee9ae471c74e4b28aec48cc5""]"
Хозтовары,Şampun,400 мл,"[""https://wolt.com/ru/aze/baku/venue/wolt-market-nasimi/head-shoulders-sampun-sitrus-400ml-itemid-679747c0c59beb1eed193782"", ""https://wolt.com/ru/aze/baku/venue/bravo-supermarket-globus-centre/head-shoulders-sac-ucun-sampun-sitrus-etirli-400ml-itemid-e18a7da43136c437cd785194"", ""https://wolt.com/ru/aze/baku/venue/neptun-supermarket-ag-sheher/head-shoulders-citrus-fresh-sampun-360-ml-itemid-625fa2e5a697b360210c4f4a""]"

